date,weather_code,temperature_2m_max,temperature_2m_min,temperature_2m_mean,apparent_temperature_max,apparent_temperature_min,precipitation_sum,rain_sum,snowfall_sum,precipitation_hours,windspeed_10m_max,windgusts_10m_max
2020/07/24,2,25.1,18.7,22.3,28.7,20.3,0.0,0.0,0.0,0.0,16.4,31.0
2020/07/25,3,29.1,19.1,25.0,32.4,21.3,0.0,0.0,0.0,0.0,17.1,31.0
2020/07/26,61,32.5,22.7,27.6,36.0,24.9,4.0,4.0,0.0,4.0,23.7,38.2
2020/07/31,3,24.0,19.2,21.8,25.6,19.1,0.0,0.0,0.0,0.0,22.3,37.8
2020/08/01,61,23.6,20.4,22.2,25.9,21.5,4.7,4.7,0.0,10.0,16.7,26.3
2020/08/02,61,26.7,19.9,22.4,29.6,20.8,10.6,10.6,0.0,13.0,18.5,37.1
2020/08/03,51,20.6,18.0,19.2,22.1,15.2,1.8,1.8,0.0,13.0,33.7,55.1
2020/08/04,51,19.5,14.9,18.0,17.3,14.0,0.4,0.4,0.0,4.0,28.5,45.0
2020/08/13,3,25.4,19.7,22.9,27.3,21.8,0.0,0.0,0.0,0.0,16.3,29.9
2020/08/14,0,26.5,20.0,23.4,29.8,21.9,0.0,0.0,0.0,0.0,18.0,33.5
2020/08/15,53,27.8,20.1,23.6,32.0,21.9,1.4,1.4,0.0,3.0,19.9,30.2
2020/08/16,51,24.3,18.9,22.0,25.4,17.7,0.1,0.1,0.0,1.0,23.0,36.7
2020/08/17,3,25.5,18.9,22.8,27.1,18.8,0.0,0.0,0.0,0.0,16.9,25.2
2020/08/17,3,25.5,18.9,22.8,27.1,18.8,0.0,0.0,0.0,0.0,16.9,25.2
2020/08/18,3,22.1,18.5,21.2,23.5,18.1,0.0,0.0,0.0,0.0,23.9,40.0
2020/08/19,0,23.6,16.1,20.5,23.6,15.8,0.0,0.0,0.0,0.0,22.8,38.9
2020/08/19,0,23.6,16.1,20.5,23.6,15.8,0.0,0.0,0.0,0.0,22.8,38.9
2020/08/21,3,28.2,17.4,23.0,29.5,17.5,0.0,0.0,0.0,0.0,14.2,27.4
2020/08/22,2,30.2,17.4,24.1,30.3,18.2,0.0,0.0,0.0,0.0,18.6,30.2
2020/08/23,51,30.2,19.2,24.7,32.9,20.1,0.3,0.3,0.0,1.0,22.8,34.2
2020/09/04,2,25.1,13.4,19.2,21.5,11.4,0.0,0.0,0.0,0.0,26.0,42.1
2020/09/05,2,26.2,15.9,20.8,24.7,15.0,0.0,0.0,0.0,0.0,30.8,49.3
2020/09/05,2,26.2,15.9,20.8,24.7,15.0,0.0,0.0,0.0,0.0,30.8,49.3
2020/09/06,63,27.5,16.0,20.5,27.5,14.3,19.3,19.3,0.0,9.0,38.8,63.0
2020/09/07,61,22.6,17.1,20.3,23.0,14.0,3.3,3.3,0.0,5.0,33.9,54.0
2020/09/08,63,18.6,16.6,17.5,18.5,13.2,36.3,36.3,0.0,19.0,32.6,54.0
2020/09/09,61,18.6,16.4,17.2,18.1,14.1,3.6,3.6,0.0,9.0,28.2,43.6
2020/09/10,61,17.8,16.4,16.9,15.3,13.4,4.4,4.4,0.0,7.0,28.9,44.3
2020/09/15,0,24.8,14.9,19.5,23.9,13.0,0.0,0.0,0.0,0.0,21.1,36.4
2020/09/16,51,26.7,15.3,20.8,26.8,13.4,0.7,0.7,0.0,3.0,22.2,39.2
2020/09/18,51,15.7,10.4,13.6,12.8,7.8,0.1,0.1,0.0,1.0,29.8,47.2
2020/09/19,1,15.4,9.6,12.5,13.3,6.5,0.0,0.0,0.0,0.0,16.0,26.6
2020/09/20,3,20.2,10.6,15.5,16.8,8.1,0.0,0.0,0.0,0.0,22.4,34.6
2021/04/01,71,1.5,-3.0,-0.8,-4.5,-10.5,0.2,0.0,0.14,2.0,33.0,53.3
2021/04/03,3,18.5,2.8,10.3,14.2,-4.1,0.0,0.0,0.0,0.0,31.8,51.5
2021/04/04,3,16.7,3.6,11.2,15.0,0.7,0.0,0.0,0.0,0.0,20.9,34.2
2021/04/05,51,21.8,12.3,17.3,19.7,8.1,0.3,0.3,0.0,2.0,24.3,39.2
2021/04/06,3,25.5,12.9,19.5,23.3,9.6,0.0,0.0,0.0,0.0,27.4,43.6
2021/04/07,51,23.8,13.6,18.3,22.0,10.8,0.5,0.5,0.0,2.0,29.5,45.4
2021/04/16,3,7.5,3.3,5.4,5.0,-0.0,0.0,0.0,0.0,0.0,17.3,34.2
2021/04/17,3,7.7,3.2,5.5,4.6,-0.6,0.0,0.0,0.0,0.0,19.2,36.4
2021/04/18,51,15.3,1.3,8.8,12.0,-2.0,0.2,0.2,0.0,2.0,17.2,28.1
2021/04/20,73,5.1,1.6,3.1,0.1,-3.1,2.5,0.0,1.75,8.0,21.1,34.2
2021/04/21,73,7.2,-1.5,2.4,4.7,-5.3,2.6,0.8,1.26,10.0,19.2,52.6
2021/04/22,3,12.9,-0.8,5.9,9.0,-5.9,0.0,0.0,0.0,0.0,25.6,38.2
2021/04/23,3,15.8,4.9,10.4,11.5,-0.0,0.0,0.0,0.0,0.0,28.0,45.7
2021/04/24,53,12.0,7.7,10.1,10.0,5.4,1.9,1.9,0.0,7.0,24.8,37.1
2021/04/25,3,8.8,3.2,4.6,4.4,-2.2,0.0,0.0,0.0,0.0,29.1,48.6
2021/05/04,51,15.2,9.1,10.8,12.8,6.2,0.7,0.7,0.0,5.0,26.3,39.2
2021/05/04,51,15.2,9.1,10.8,12.8,6.2,0.7,0.7,0.0,5.0,26.3,39.2
2021/05/05,3,10.6,6.3,8.5,7.0,2.6,0.0,0.0,0.0,0.0,22.7,41.4
2021/05/07,51,12.4,5.2,8.2,9.8,1.1,0.2,0.2,0.0,2.0,24.0,40.7
2021/05/08,73,8.8,3.0,6.7,5.8,-0.3,4.1,3.8,0.21,3.0,19.8,36.4
2021/05/09,61,8.9,4.2,6.5,5.2,-1.6,16.9,16.9,0.0,13.0,28.5,44.6
2021/05/17,3,17.9,11.9,14.9,17.5,10.6,0.0,0.0,0.0,0.0,15.6,29.2
2021/05/18,61,21.5,12.6,17.1,20.0,10.7,4.4,4.4,0.0,6.0,24.0,37.1
2021/05/19,61,23.2,16.6,19.4,22.5,15.1,6.9,6.9,0.0,12.0,29.6,47.2
2021/05/20,3,27.6,18.0,22.9,26.2,17.2,0.0,0.0,0.0,0.0,26.3,42.1
2021/05/28,61,10.4,7.7,9.2,4.5,1.7,8.6,8.6,0.0,17.0,41.8,67.3
2021/05/29,3,13.1,7.7,10.2,8.9,0.9,0.0,0.0,0.0,0.0,33.6,51.5
2021/05/30,3,17.2,6.8,12.8,16.2,4.4,0.0,0.0,0.0,0.0,16.5,29.2
2021/05/31,51,21.5,12.4,16.6,18.7,9.4,0.3,0.3,0.0,2.0,23.0,37.8
2021/06/01,3,20.5,9.2,15.4,19.9,7.7,0.0,0.0,0.0,0.0,17.9,34.2
2021/06/02,3,19.4,12.3,16.4,19.7,11.4,0.0,0.0,0.0,0.0,18.5,34.6
2021/06/11,3,25.9,18.3,22.1,30.2,19.5,0.0,0.0,0.0,0.0,15.6,31.7
2021/06/12,51,24.1,17.8,21.3,27.3,18.4,0.4,0.4,0.0,1.0,17.4,36.4
2021/06/13,1,24.8,18.2,21.6,25.7,17.7,0.0,0.0,0.0,0.0,19.8,32.0
2021/06/18,51,31.8,20.4,26.3,33.3,19.4,0.4,0.4,0.0,2.0,30.8,49.0
2021/06/19,51,33.0,17.9,24.3,31.0,17.2,0.1,0.1,0.0,1.0,31.4,50.4
2021/06/20,63,26.4,16.9,21.7,29.2,18.1,11.7,11.7,0.0,8.0,20.8,51.1
2021/06/21,61,22.5,14.6,19.7,23.2,11.0,3.2,3.2,0.0,8.0,32.8,50.4
2021/06/22,3,22.4,12.8,17.9,19.4,11.0,0.0,0.0,0.0,0.0,24.2,42.1
2021/07/05,2,32.0,21.8,27.0,33.6,22.9,0.0,0.0,0.0,0.0,30.0,47.2
2021/07/06,51,32.2,23.2,27.4,34.0,24.2,1.3,1.3,0.0,4.0,23.0,34.9
2021/07/07,61,29.7,20.5,24.3,31.8,21.2,3.3,3.3,0.0,10.0,21.0,41.4
2021/07/08,63,20.0,16.5,17.7,22.1,14.8,9.9,9.9,0.0,8.0,28.6,47.5
2021/07/09,51,21.5,15.0,18.5,21.7,14.7,0.1,0.1,0.0,1.0,14.2,29.5
2021/07/10,63,22.4,18.2,20.3,22.4,17.7,7.6,7.6,0.0,9.0,22.6,34.2
2021/07/23,53,29.5,22.0,25.7,33.5,25.2,3.8,3.8,0.0,16.0,16.9,28.1
2021/07/24,55,31.8,22.8,27.0,33.5,24.9,2.5,2.5,0.0,9.0,29.0,52.6
2021/07/25,3,30.2,21.7,25.9,31.8,23.8,0.0,0.0,0.0,0.0,19.3,29.9
2021/07/26,1,30.2,19.6,25.7,32.9,20.5,0.0,0.0,0.0,0.0,18.6,27.4
2021/07/27,3,32.1,21.5,25.5,33.1,23.1,0.0,0.0,0.0,0.0,21.1,32.0
2021/07/28,51,31.4,23.5,27.5,36.2,26.7,0.4,0.4,0.0,3.0,17.0,29.5
2021/07/29,51,30.2,20.0,25.2,31.4,19.7,0.1,0.1,0.0,1.0,30.8,49.3
2021/08/06,53,25.5,20.0,22.2,25.7,19.7,8.3,8.3,0.0,18.0,27.5,49.7
2021/08/07,65,29.5,19.0,24.3,33.8,20.3,11.7,11.7,0.0,7.0,22.0,39.6
2021/08/08,61,30.4,23.7,26.5,32.0,24.5,2.6,2.6,0.0,6.0,29.6,47.2
2021/08/10,65,32.2,21.1,25.7,35.3,23.4,28.7,28.7,0.0,2.0,38.2,64.1
2021/08/10,65,32.2,21.1,25.7,35.3,23.4,28.7,28.7,0.0,2.0,38.2,64.1
2021/08/11,63,30.8,22.4,25.1,33.6,22.4,13.3,13.3,0.0,8.0,43.1,65.2
2021/08/12,51,31.6,22.6,26.2,34.4,24.3,0.2,0.2,0.0,1.0,29.1,49.0
2021/08/20,53,27.8,21.6,24.7,31.2,24.9,1.6,1.6,0.0,4.0,15.6,28.1
2021/08/21,53,30.0,22.5,26.0,32.3,24.7,1.5,1.5,0.0,4.0,21.9,36.4
2021/08/22,51,23.6,19.3,21.9,27.2,20.8,0.1,0.1,0.0,1.0,27.1,41.8
2021/08/23,51,30.8,18.4,24.5,33.6,20.7,0.1,0.1,0.0,1.0,17.0,26.6
2021/08/25,63,31.8,23.1,26.8,38.0,26.7,12.5,12.5,0.0,8.0,25.3,33.8
2021/08/25,63,31.8,23.1,26.8,38.0,26.7,12.5,12.5,0.0,8.0,25.3,33.8
2021/09/02,3,23.2,16.1,20.6,23.6,16.6,0.0,0.0,0.0,0.0,20.9,31.0
2021/09/03,53,24.1,17.5,21.2,22.6,16.8,1.3,1.3,0.0,2.0,21.4,34.6
2021/09/04,55,25.0,19.8,21.5,26.4,18.4,4.4,4.4,0.0,7.0,23.0,35.6
2021/09/05,2,27.2,16.4,21.7,25.4,15.5,0.0,0.0,0.0,0.0,22.5,34.9
2021/09/06,2,23.1,16.4,20.7,23.9,16.4,0.0,0.0,0.0,0.0,23.0,34.6
2021/09/07,63,29.3,18.5,22.5,27.0,17.5,6.3,6.3,0.0,4.0,41.4,63.0
2021/09/08,2,24.8,15.8,20.0,21.8,13.7,0.0,0.0,0.0,0.0,26.0,43.2
2021/09/10,2,25.4,15.0,20.4,24.7,14.4,0.0,0.0,0.0,0.0,19.7,30.2
2021/09/11,3,29.7,18.6,23.7,30.3,17.3,0.0,0.0,0.0,0.0,26.5,40.7
2021/09/12,3,30.9,19.9,24.1,32.0,20.1,0.0,0.0,0.0,0.0,25.6,42.1
2021/09/21,63,22.4,16.9,19.2,22.0,13.7,17.0,17.0,0.0,19.0,31.7,48.2
2021/09/22,53,16.6,15.1,15.8,12.9,8.6,2.8,2.8,0.0,8.0,47.6,73.4
2021/09/24,53,23.8,12.6,18.1,19.7,9.1,0.7,0.7,0.0,2.0,36.7,58.3
2021/09/24,53,23.8,12.6,18.1,19.7,9.1,0.7,0.7,0.0,2.0,36.7,58.3
2021/09/25,51,20.1,10.4,15.4,15.5,7.2,0.5,0.5,0.0,2.0,24.3,41.4
2021/09/26,3,25.8,13.9,19.6,21.9,9.6,0.0,0.0,0.0,0.0,30.7,47.5
2022/04/07,53,8.2,4.0,5.4,1.9,-1.7,2.6,2.6,0.0,13.0,34.7,55.1
2022/04/09,71,5.3,-1.0,2.4,1.6,-6.1,0.2,0.0,0.14,1.0,22.4,37.1
2022/04/10,3,12.7,-1.6,7.0,8.4,-5.4,0.0,0.0,0.0,0.0,34.1,50.8
2022/04/18,73,6.7,1.3,2.9,1.5,-4.7,6.7,3.9,1.96,20.0,33.2,51.1
2022/04/19,3,6.3,1.3,4.0,3.0,-4.8,0.0,0.0,0.0,0.0,26.9,41.8
2022/04/20,61,10.1,3.8,7.2,4.4,-1.3,3.7,3.7,0.0,7.0,40.0,70.2
2022/04/21,51,19.5,8.4,13.2,15.9,5.3,1.4,1.4,0.0,5.0,33.0,54.0
2022/04/22,55,13.4,6.7,9.6,10.4,2.3,4.3,4.3,0.0,11.0,34.9,51.5
2022/04/23,3,25.0,13.7,19.6,22.8,10.8,0.0,0.0,0.0,0.0,36.5,54.4
2022/04/24,63,21.6,13.8,19.0,19.4,9.5,9.8,9.8,0.0,11.0,41.1,62.6
2022/05/03,65,8.9,5.8,7.1,4.2,-1.1,26.8,26.8,0.0,18.0,41.9,64.8
2022/05/04,3,8.2,4.1,6.1,5.8,-1.1,0.0,0.0,0.0,0.0,35.7,56.2
2022/05/07,2,11.2,5.5,8.6,8.4,1.5,0.0,0.0,0.0,0.0,25.8,38.5
2022/05/07,2,11.2,5.5,8.6,8.4,1.5,0.0,0.0,0.0,0.0,25.8,38.5
2022/05/08,3,14.9,6.0,11.3,12.4,2.6,0.0,0.0,0.0,0.0,26.0,39.2
2022/05/16,3,23.7,12.4,18.2,19.8,9.8,0.0,0.0,0.0,0.0,28.7,47.2
2022/05/17,51,15.1,9.9,12.2,13.1,6.5,0.1,0.1,0.0,1.0,23.5,37.1
2022/05/18,61,14.6,11.0,12.1,12.8,7.7,6.3,6.3,0.0,10.0,22.7,37.1
2022/05/19,3,28.0,10.2,19.9,27.0,9.1,0.0,0.0,0.0,0.0,31.4,45.0
2022/05/20,63,29.6,13.9,21.8,27.6,13.2,17.5,17.5,0.0,8.0,44.4,68.4
2022/05/21,65,16.4,12.7,14.7,16.2,11.7,33.2,33.2,0.0,21.0,17.1,31.3
2022/05/22,51,15.4,9.9,12.8,13.8,6.9,0.1,0.1,0.0,1.0,23.4,36.0
2022/05/30,3,28.4,19.6,24.3,28.6,17.4,0.0,0.0,0.0,0.0,34.2,52.6
2022/05/30,3,28.4,19.6,24.3,28.6,17.4,0.0,0.0,0.0,0.0,34.2,52.6
2022/05/31,63,28.1,21.1,24.6,29.0,20.4,4.4,4.4,0.0,3.0,30.4,46.8
2022/06/01,61,20.5,13.8,17.1,21.4,12.6,3.4,3.4,0.0,3.0,18.9,34.2
2022/06/02,53,20.0,13.9,17.2,22.1,13.7,0.6,0.6,0.0,2.0,15.5,30.2
2022/06/03,0,25.8,14.3,19.6,23.4,11.6,0.0,0.0,0.0,0.0,23.9,39.2
2022/06/04,3,17.5,11.9,15.4,17.1,10.3,0.0,0.0,0.0,0.0,17.1,32.4
2022/06/04,3,17.5,11.9,15.4,17.1,10.3,0.0,0.0,0.0,0.0,17.1,32.4
2022/06/05,51,18.9,14.6,16.7,19.8,13.6,0.5,0.5,0.0,3.0,17.1,31.0
2022/06/13,63,29.0,12.3,19.9,32.2,11.1,8.1,8.1,0.0,7.0,33.0,48.2
2022/06/14,3,34.8,20.9,28.6,38.9,23.0,0.0,0.0,0.0,0.0,27.5,49.3
2022/06/15,3,34.5,25.3,30.0,35.5,27.1,0.0,0.0,0.0,0.0,38.4,56.2
2022/06/16,3,33.4,22.4,28.0,32.5,23.8,0.0,0.0,0.0,0.0,37.2,55.8
2022/06/17,1,26.6,18.1,23.1,29.1,16.2,0.0,0.0,0.0,0.0,20.9,34.2
2022/06/18,3,17.9,13.1,16.2,16.4,10.4,0.0,0.0,0.0,0.0,23.4,40.7
2022/06/19,3,28.5,11.9,20.8,26.7,10.6,0.0,0.0,0.0,0.0,22.4,32.4
2022/06/28,3,28.5,14.5,22.0,27.4,13.0,0.0,0.0,0.0,0.0,22.1,34.6
2022/06/29,55,26.4,18.9,22.6,29.1,18.6,2.0,2.0,0.0,2.0,21.0,37.8
2022/06/30,3,32.8,21.5,27.1,31.4,20.6,0.0,0.0,0.0,0.0,28.8,45.4
2022/07/01,51,26.2,19.4,22.6,26.8,21.0,0.2,0.2,0.0,2.0,27.1,50.8
2022/07/02,3,25.2,17.6,22.0,25.3,17.9,0.0,0.0,0.0,0.0,15.7,28.1
2022/07/03,1,25.9,17.5,22.4,27.8,18.2,0.0,0.0,0.0,0.0,15.5,29.5
2022/07/12,1,29.3,20.5,24.5,28.5,19.2,0.0,0.0,0.0,0.0,21.9,34.2
2022/07/13,51,24.5,18.6,21.0,26.1,19.2,0.4,0.4,0.0,2.0,24.1,40.3
2022/07/14,2,22.1,16.7,19.9,23.7,16.6,0.0,0.0,0.0,0.0,21.1,38.2
2022/07/16,53,22.3,19.0,20.8,24.6,18.9,2.2,2.2,0.0,7.0,26.0,42.8
2022/07/16,53,22.3,19.0,20.8,24.6,18.9,2.2,2.2,0.0,7.0,26.0,42.8
2022/07/17,51,23.1,19.7,21.4,25.5,20.7,1.7,1.7,0.0,10.0,24.7,35.3
2022/07/25,51,23.0,19.6,21.3,24.0,19.8,0.2,0.2,0.0,2.0,17.3,30.2
2022/07/26,3,24.5,16.9,21.4,25.6,17.6,0.0,0.0,0.0,0.0,19.6,33.8
2022/08/05,3,27.0,19.8,23.6,31.7,21.7,0.0,0.0,0.0,0.0,18.8,33.5
2022/08/06,53,32.0,22.2,26.9,35.8,26.0,3.4,3.4,0.0,11.0,20.0,30.2
2022/08/07,63,28.6,23.6,25.3,33.6,25.6,27.6,27.6,0.0,14.0,23.4,36.7
2022/08/08,65,28.5,19.5,23.3,31.9,18.0,16.0,16.0,0.0,12.0,31.4,50.4
2022/08/09,51,21.2,17.0,19.6,21.3,17.4,0.3,0.3,0.0,2.0,23.1,38.2
2022/08/10,3,25.6,15.1,21.1,28.6,15.7,0.0,0.0,0.0,0.0,16.0,27.0
2022/08/19,51,28.8,18.9,23.5,28.0,19.2,0.1,0.1,0.0,1.0,21.3,35.6
2022/08/20,63,25.9,19.5,21.8,28.9,19.7,14.8,14.8,0.0,17.0,23.3,41.8
2022/08/21,63,22.1,19.0,20.6,23.5,20.0,11.3,11.3,0.0,10.0,22.6,38.5
2022/08/22,1,23.5,17.6,20.9,26.4,18.3,0.0,0.0,0.0,0.0,15.9,26.6
2022/08/23,3,25.7,17.2,21.5,27.9,17.8,0.0,0.0,0.0,0.0,13.7,25.6
2022/08/23,3,25.7,17.2,21.5,27.9,17.8,0.0,0.0,0.0,0.0,13.7,25.6
2022/08/24,3,25.6,17.6,22.0,28.4,18.8,0.0,0.0,0.0,0.0,18.6,32.0
2022/08/25,65,26.9,18.3,22.0,30.6,18.4,15.2,15.2,0.0,10.0,21.9,35.6
2022/09/06,51,23.4,19.0,21.1,26.2,20.4,0.8,0.8,0.0,8.0,16.4,29.5
2022/09/07,51,23.4,19.0,21.3,24.5,20.6,1.3,1.3,0.0,7.0,16.7,30.6
2022/09/08,3,26.4,16.2,21.7,27.6,17.5,0.0,0.0,0.0,0.0,16.3,23.0
2022/09/09,0,26.7,16.2,21.7,26.9,15.6,0.0,0.0,0.0,0.0,18.7,30.2
2022/09/10,3,26.2,16.0,21.8,28.3,17.2,0.0,0.0,0.0,0.0,17.2,30.2
2022/09/11,65,21.0,14.7,18.9,24.0,8.6,62.3,62.3,0.0,15.0,58.7,87.1
2022/09/16,3,27.8,17.6,22.4,27.1,18.1,0.0,0.0,0.0,0.0,20.5,31.7
2022/09/17,53,29.5,19.8,23.9,27.4,20.0,0.8,0.8,0.0,2.0,31.4,46.1
2022/09/18,63,29.1,20.9,24.1,29.3,20.0,4.6,4.6,0.0,3.0,22.5,36.7
2022/09/27,3,14.1,8.6,11.6,8.9,4.7,0.0,0.0,0.0,0.0,28.2,43.9
2022/09/28,51,13.2,10.3,11.8,9.6,5.7,0.4,0.4,0.0,4.0,28.1,42.1
2022/09/29,3,14.6,9.0,11.9,12.6,6.6,0.0,0.0,0.0,0.0,15.0,25.9
2022/09/30,1,15.9,8.5,13.0,15.0,6.5,0.0,0.0,0.0,0.0,17.1,25.9
2022/10/01,2,17.5,13.9,15.7,15.1,11.8,0.0,0.0,0.0,0.0,24.1,38.9
2022/10/02,3,16.0,13.6,14.7,13.9,10.6,0.0,0.0,0.0,0.0,25.6,40.7
2023/03/30,3,9.4,-3.0,2.6,2.6,-7.7,0.0,0.0,0.0,0.0,35.2,50.8
2023/04/01,71,11.6,0.0,4.5,4.9,-4.0,1.0,0.9,0.07,7.0,38.2,58.7
2023/04/02,3,10.7,-2.4,5.2,6.4,-6.1,0.0,0.0,0.0,0.0,30.6,44.6
2023/04/07,1,5.4,2.2,3.8,2.2,-2.5,0.0,0.0,0.0,0.0,18.4,33.1
2023/04/08,3,11.6,1.9,7.0,9.3,-1.7,0.0,0.0,0.0,0.0,17.7,31.7
2023/04/09,3,16.5,3.4,10.0,14.3,-0.3,0.0,0.0,0.0,0.0,17.3,30.6
2023/04/10,3,19.5,6.1,12.4,16.1,1.8,0.0,0.0,0.0,0.0,20.3,29.5
2023/04/11,3,22.8,8.9,16.0,20.0,4.4,0.0,0.0,0.0,0.0,27.0,40.7
2023/04/12,3,24.3,12.6,18.5,20.3,8.5,0.0,0.0,0.0,0.0,34.0,52.2
2023/04/20,63,24.8,11.6,17.8,20.3,7.5,7.5,7.5,0.0,5.0,40.2,65.9
2023/04/21,51,15.8,5.5,10.6,10.0,2.4,0.2,0.2,0.0,2.0,29.0,45.7
2023/04/22,73,7.7,2.9,5.5,4.0,-2.1,3.3,2.1,0.84,10.0,29.7,46.4
2023/04/23,53,5.7,1.8,3.5,2.3,-3.1,3.3,3.3,0.0,10.0,21.9,33.5
2023/04/25,53,6.7,2.7,4.7,3.2,-2.1,4.1,4.1,0.0,7.0,24.6,41.4
2023/04/26,1,6.2,3.0,4.6,3.1,-2.0,0.0,0.0,0.0,0.0,20.8,33.5
2023/04/27,3,14.3,1.9,8.2,12.6,-1.9,0.0,0.0,0.0,0.0,19.9,34.6
2023/05/05,3,22.3,10.1,15.8,20.0,5.9,0.0,0.0,0.0,0.0,28.1,41.0
2023/05/06,53,22.5,11.8,16.8,20.7,8.4,1.5,1.5,0.0,5.0,28.2,44.6
2023/05/07,55,23.4,7.8,16.0,27.2,3.8,1.5,1.5,0.0,3.0,26.8,40.7
2023/05/08,63,14.1,6.9,9.0,12.8,2.7,10.8,10.8,0.0,12.0,25.6,40.0
2023/05/09,3,11.6,7.2,9.2,10.8,4.0,0.0,0.0,0.0,0.0,18.5,34.2
2023/05/10,3,16.6,5.9,11.3,18.2,3.7,0.0,0.0,0.0,0.0,15.9,26.6
2023/05/23,0,22.6,13.8,17.9,24.0,11.4,0.0,0.0,0.0,0.0,22.2,36.7
2023/05/24,3,18.0,8.9,12.6,17.7,3.9,0.0,0.0,0.0,0.0,32.6,51.8
2023/05/25,3,12.1,8.1,10.0,8.4,2.7,0.0,0.0,0.0,0.0,26.6,44.3
2023/05/26,2,15.2,8.6,12.0,13.2,5.5,0.0,0.0,0.0,0.0,23.1,40.0
2023/05/27,3,18.0,8.8,13.9,15.8,6.5,0.0,0.0,0.0,0.0,20.9,36.0
2023/05/28,3,20.3,10.4,15.6,19.4,8.9,0.0,0.0,0.0,0.0,17.6,31.7
2023/05/29,3,20.1,10.9,16.0,20.1,9.2,0.0,0.0,0.0,0.0,17.6,31.7
2023/05/30,3,23.0,12.9,18.2,23.6,12.1,0.0,0.0,0.0,0.0,16.1,30.2
2023/05/31,63,27.4,15.2,21.8,30.0,15.0,3.2,3.2,0.0,3.0,23.1,39.2
2023/06/13,61,18.8,12.6,15.8,17.7,10.3,11.8,11.8,0.0,16.0,32.9,49.7
2023/06/14,51,18.5,13.6,15.6,19.0,13.3,0.1,0.1,0.0,1.0,18.9,33.1
2023/06/15,51,25.9,11.2,16.0,25.2,7.4,0.1,0.1,0.0,1.0,28.3,53.6
2023/06/16,3,16.3,11.4,13.2,14.4,7.3,0.0,0.0,0.0,0.0,27.8,42.8
2023/06/17,3,21.0,10.8,16.2,21.6,9.8,0.0,0.0,0.0,0.0,17.5,33.1
2023/06/18,3,23.4,14.6,19.3,24.3,13.6,0.0,0.0,0.0,0.0,25.2,41.4
2023/06/27,51,20.4,15.6,18.4,19.8,15.2,0.1,0.1,0.0,1.0,26.9,46.1
2023/06/28,51,23.8,13.6,19.5,25.4,13.3,0.1,0.1,0.0,1.0,20.5,33.5
2023/06/29,65,29.5,19.5,23.3,33.4,19.1,24.6,24.6,0.0,11.0,24.5,44.6
2023/06/30,61,27.5,21.2,24.3,35.0,24.0,1.9,1.9,0.0,4.0,23.2,42.5
2023/07/01,63,26.0,20.6,22.4,32.9,23.3,14.7,14.7,0.0,12.0,17.3,39.2
2023/07/02,65,21.1,16.5,18.5,25.1,14.6,114.0,114.0,0.0,19.0,43.6,66.2
2023/07/14,61,30.8,19.5,24.1,31.5,20.3,2.3,2.3,0.0,4.0,26.4,44.3
2023/07/15,55,27.5,20.5,23.4,32.6,22.4,5.7,5.7,0.0,12.0,15.9,34.2
2023/07/16,3,27.7,19.0,23.1,27.0,19.4,0.0,0.0,0.0,0.0,28.5,43.6
2023/07/17,3,22.5,18.4,20.7,25.4,19.4,0.0,0.0,0.0,0.0,21.2,35.6
2023/07/18,3,22.2,16.8,19.9,23.1,16.8,0.0,0.0,0.0,0.0,16.6,31.0
2023/07/19,3,24.6,16.0,21.1,27.2,17.0,0.0,0.0,0.0,0.0,15.7,28.8
2023/07/20,53,29.6,19.7,23.5,29.5,20.9,1.0,1.0,0.0,3.0,30.1,54.7
2023/07/21,3,23.1,18.4,20.4,24.9,17.4,0.0,0.0,0.0,0.0,21.7,35.6
2023/07/22,3,27.9,17.4,22.3,30.1,18.0,0.0,0.0,0.0,0.0,13.0,22.0
2023/07/23,3,25.0,18.0,21.9,28.0,19.2,0.0,0.0,0.0,0.0,17.1,30.6
2023/07/31,51,24.7,16.6,21.2,26.5,17.4,0.2,0.2,0.0,2.0,15.8,27.7
2023/08/01,51,27.6,18.3,23.3,29.0,19.8,0.2,0.2,0.0,2.0,14.2,25.2
2023/08/02,3,27.9,18.9,23.6,29.5,19.9,0.0,0.0,0.0,0.0,16.3,28.8
2023/08/03,3,27.2,18.2,23.2,31.0,20.2,0.0,0.0,0.0,0.0,14.5,24.1
2023/08/04,3,25.1,20.5,22.9,29.3,22.0,0.0,0.0,0.0,0.0,23.2,37.4
2023/08/05,61,22.5,20.0,21.3,26.1,20.1,16.8,16.8,0.0,15.0,24.1,36.7
2023/08/06,55,21.2,19.0,20.0,21.0,18.0,6.3,6.3,0.0,13.0,31.1,48.6
2023/08/15,55,20.8,17.2,19.1,21.7,15.3,2.9,2.9,0.0,8.0,32.8,53.6
2023/08/16,3,26.5,14.6,20.7,27.0,14.5,0.0,0.0,0.0,0.0,23.5,36.0
2023/08/18,3,22.5,14.4,19.0,23.0,13.5,0.0,0.0,0.0,0.0,20.4,32.4
2023/08/19,51,26.0,16.2,21.3,25.9,15.5,0.4,0.4,0.0,1.0,24.8,41.4
2023/08/20,3,27.0,20.1,23.7,32.7,22.0,0.0,0.0,0.0,0.0,17.8,27.4
2023/08/28,1,23.2,16.4,20.5,23.6,16.5,0.0,0.0,0.0,0.0,13.5,24.5
2023/08/29,51,28.1,17.4,21.5,29.3,16.4,0.7,0.7,0.0,4.0,30.2,50.8
2023/08/30,51,18.5,15.6,17.2,16.9,13.0,1.0,1.0,0.0,5.0,29.4,49.0
2023/09/04,3,32.5,21.6,27.0,34.1,23.6,0.0,0.0,0.0,0.0,19.9,30.6
2023/09/05,3,31.6,24.0,27.2,32.0,25.2,0.0,0.0,0.0,0.0,28.4,44.6
2023/09/06,63,28.9,20.5,24.5,28.8,20.7,9.5,9.5,0.0,5.0,31.4,51.8
2023/09/07,51,20.5,18.1,19.5,20.9,17.4,0.2,0.2,0.0,1.0,23.4,36.0
2023/09/08,63,18.5,16.9,17.6,17.7,16.0,12.8,12.8,0.0,16.0,24.2,41.8
2023/09/09,3,20.5,15.4,18.2,20.6,14.9,0.0,0.0,0.0,0.0,17.3,32.0
2023/09/10,51,22.8,13.9,19.4,24.5,14.1,0.8,0.8,0.0,2.0,15.4,28.4
2023/09/19,63,19.0,14.2,16.7,18.8,12.6,8.9,8.9,0.0,11.0,26.0,38.9
2023/09/20,3,25.0,15.8,20.0,24.6,14.6,0.0,0.0,0.0,0.0,19.8,32.0
2023/09/21,51,21.8,17.0,19.9,23.8,17.4,0.1,0.1,0.0,1.0,19.1,32.8
2023/09/22,53,23.3,17.7,20.6,25.4,19.2,1.4,1.4,0.0,5.0,18.3,27.0
2023/09/23,3,21.8,17.7,19.8,21.7,15.2,0.0,0.0,0.0,0.0,26.8,40.7
2023/09/24,3,21.1,14.6,18.1,21.2,12.7,0.0,0.0,0.0,0.0,23.7,36.7
2024/04/01,63,7.2,4.2,5.7,3.0,-0.7,16.6,16.6,0.0,11.0,31.4,46.8
2024/04/02,61,14.9,2.5,6.1,9.8,-4.3,5.0,5.0,0.0,16.0,46.6,69.8
2024/04/03,73,3.0,1.6,2.3,-3.3,-4.9,10.6,5.6,3.5,22.0,33.7,52.9
2024/04/05,3,6.4,1.5,4.0,2.0,-2.4,0.0,0.0,0.0,0.0,30.6,51.5
2024/04/06,2,6.4,1.2,3.8,4.3,-2.5,0.0,0.0,0.0,0.0,17.9,33.8
2024/04/07,63,10.2,3.2,6.8,4.2,-0.6,9.1,9.1,0.0,7.0,33.0,52.2
2024/04/19,3,12.9,4.9,9.0,7.4,-0.5,0.0,0.0,0.0,0.0,32.1,54.0
2024/04/20,3,7.2,1.5,4.9,1.5,-3.9,0.0,0.0,0.0,0.0,21.9,37.8
2024/04/20,3,7.2,1.5,4.9,1.5,-3.9,0.0,0.0,0.0,0.0,21.9,37.8
2024/04/21,3,12.2,0.2,6.4,9.7,-3.6,0.0,0.0,0.0,0.0,18.4,32.4
2024/04/23,53,17.0,6.7,13.1,13.3,0.8,1.2,1.2,0.0,3.0,32.3,52.2
2024/04/24,3,5.2,1.1,3.7,0.3,-3.5,0.0,0.0,0.0,0.0,32.6,54.0
2024/04/25,3,9.1,0.2,5.5,7.4,-3.6,0.0,0.0,0.0,0.0,17.7,33.8
2024/05/03,55,17.1,8.2,13.5,17.6,6.3,3.0,3.0,0.0,7.0,23.2,36.0
2024/05/04,51,19.0,7.2,14.7,21.5,4.9,0.4,0.4,0.0,2.0,22.4,35.6
2024/05/05,3,14.3,7.3,11.1,11.7,5.5,0.0,0.0,0.0,0.0,23.5,36.4
2024/05/06,3,15.6,7.5,12.0,15.0,5.6,0.0,0.0,0.0,0.0,25.6,38.5
2024/05/07,63,20.8,12.4,16.0,22.3,8.7,10.7,10.7,0.0,9.0,31.9,47.2
2024/05/08,3,21.0,11.9,16.3,23.5,9.7,0.0,0.0,0.0,0.0,23.7,37.1
2024/05/16,51,23.0,9.3,16.1,22.4,8.2,0.7,0.7,0.0,4.0,24.3,41.4
2024/05/17,3,20.2,11.4,15.5,24.3,10.6,0.0,0.0,0.0,0.0,17.3,32.8
2024/05/18,51,26.2,11.9,19.8,28.4,11.3,0.2,0.2,0.0,2.0,19.1,28.8
2024/05/19,3,20.2,12.7,17.1,20.0,11.9,0.0,0.0,0.0,0.0,23.1,39.2
2024/05/21,51,29.6,13.2,21.9,29.0,12.9,0.2,0.2,0.0,2.0,41.3,63.4
2024/05/22,1,23.8,16.0,20.2,20.7,12.9,0.0,0.0,0.0,0.0,41.3,61.9
2024/05/23,2,22.8,13.1,18.4,23.1,11.7,0.0,0.0,0.0,0.0,23.4,40.7
2024/05/31,3,22.0,10.6,17.1,22.7,8.8,0.0,0.0,0.0,0.0,19.6,32.0
2024/06/01,63,19.8,15.8,17.4,19.9,13.5,16.4,16.4,0.0,14.0,23.8,37.4
2024/06/02,3,19.2,13.9,16.1,20.9,12.9,0.0,0.0,0.0,0.0,16.8,29.5
2024/06/04,63,26.0,19.6,22.6,28.7,19.2,5.2,5.2,0.0,3.0,24.6,37.4
2024/06/05,61,26.0,19.6,21.9,25.7,19.5,7.3,7.3,0.0,9.0,28.8,46.4
2024/06/14,3,21.9,15.6,19.3,25.4,14.3,0.0,0.0,0.0,0.0,24.5,39.6
2024/06/15,3,26.4,14.6,21.0,27.4,14.4,0.0,0.0,0.0,0.0,25.5,42.5
2024/06/16,51,31.9,19.7,25.4,31.9,16.6,0.2,0.2,0.0,1.0,32.4,52.2
2024/06/17,51,33.2,24.2,28.6,34.2,25.9,0.3,0.3,0.0,1.0,28.3,45.7
2024/06/18,53,32.0,23.9,27.3,31.8,23.2,0.9,0.9,0.0,3.0,36.6,57.2
2024/06/19,51,32.7,24.5,28.3,33.8,25.2,0.2,0.2,0.0,1.0,28.1,43.2
2024/06/21,2,32.0,17.3,23.7,33.6,18.6,0.0,0.0,0.0,0.0,24.5,36.4
2024/06/22,3,33.4,22.9,28.6,31.7,25.6,0.0,0.0,0.0,0.0,35.9,57.2
2024/06/23,53,25.2,20.0,22.9,27.3,21.3,2.4,2.4,0.0,10.0,39.2,59.0
2024/07/02,51,27.6,17.4,22.2,26.1,15.0,0.1,0.1,0.0,1.0,30.8,46.4
2024/07/03,63,29.7,20.9,25.4,34.5,21.5,12.7,12.7,0.0,9.0,26.9,41.0
2024/07/04,53,25.4,20.6,23.1,28.4,23.1,1.0,1.0,0.0,3.0,13.8,25.6
2024/07/05,55,27.2,19.4,23.0,27.3,20.7,1.6,1.6,0.0,5.0,27.6,43.6
2024/07/06,1,24.0,16.9,20.8,25.4,18.2,0.0,0.0,0.0,0.0,13.9,25.6
2024/07/07,63,28.6,18.5,22.6,31.3,20.2,5.9,5.9,0.0,7.0,17.1,40.0
2024/07/19,3,23.6,14.6,19.8,25.4,14.4,0.0,0.0,0.0,0.0,21.6,38.2
2024/07/20,3,24.5,16.1,21.0,26.1,17.1,0.0,0.0,0.0,0.0,15.2,28.1
2024/07/21,51,25.9,17.1,21.5,27.8,17.9,0.3,0.3,0.0,3.0,16.8,28.8
2024/07/22,3,23.5,18.5,21.5,26.8,20.6,0.0,0.0,0.0,0.0,15.9,30.6
2024/07/23,51,29.2,18.5,23.2,31.0,20.5,0.7,0.7,0.0,4.0,22.7,43.2
2024/07/24,51,21.8,19.0,20.6,23.8,20.0,1.2,1.2,0.0,8.0,17.6,30.2
2024/08/01,63,29.5,22.9,25.5,32.9,26.1,8.3,8.3,0.0,9.0,15.9,27.0
2024/08/02,53,25.1,21.9,23.2,27.4,23.0,1.5,1.5,0.0,6.0,25.6,46.1
2024/08/03,1,27.5,20.9,24.0,32.6,23.2,0.0,0.0,0.0,0.0,16.9,28.4
2024/08/04,3,29.1,20.2,25.0,32.6,23.0,0.0,0.0,0.0,0.0,17.4,32.0
2024/08/05,63,28.3,21.1,24.1,34.1,22.2,3.6,3.6,0.0,4.0,30.1,47.9
2024/08/06,53,23.3,19.0,20.5,24.7,16.3,1.2,1.2,0.0,4.0,41.5,66.2
2024/08/07,3,23.1,18.0,20.4,23.2,16.7,0.0,0.0,0.0,0.0,25.1,41.0
2024/08/16,63,29.9,19.4,24.0,32.2,21.4,15.0,15.0,0.0,7.0,23.0,38.9
2024/08/17,63,26.0,20.2,22.2,28.1,21.3,8.3,8.3,0.0,9.0,18.0,35.3
2024/08/18,61,22.3,18.8,20.6,22.9,17.6,2.7,2.7,0.0,8.0,31.3,50.8
2024/08/20,3,20.0,16.2,18.2,19.4,15.1,0.0,0.0,0.0,0.0,24.7,38.9
2024/08/21,3,21.5,13.4,18.3,22.0,13.4,0.0,0.0,0.0,0.0,13.4,26.6
2024/08/22,3,24.2,11.4,18.9,24.1,10.8,0.0,0.0,0.0,0.0,11.7,24.1
2024/09/02,0,21.2,15.7,18.5,20.9,15.1,0.0,0.0,0.0,0.0,13.2,25.6
2024/09/03,3,22.1,14.4,18.8,21.7,14.1,0.0,0.0,0.0,0.0,13.6,27.0
2024/09/04,0,25.4,14.8,20.4,24.7,14.6,0.0,0.0,0.0,0.0,15.2,29.5
2024/09/06,51,20.9,14.5,18.3,22.7,10.5,1.3,1.3,0.0,9.0,32.6,54.7
2024/09/07,51,15.8,11.0,13.5,11.9,6.6,0.5,0.5,0.0,3.0,29.9,50.4
2024/09/08,3,23.0,9.9,16.2,20.6,7.7,0.0,0.0,0.0,0.0,16.9,31.3
2024/09/16,3,27.0,18.5,22.8,27.9,18.5,0.0,0.0,0.0,0.0,15.5,29.9
2024/09/17,1,24.6,16.6,21.0,25.7,16.8,0.0,0.0,0.0,0.0,13.5,27.7
2024/09/18,3,24.8,15.6,20.9,25.7,15.7,0.0,0.0,0.0,0.0,22.1,37.4
2024/09/19,3,28.0,15.6,22.2,28.9,15.7,0.0,0.0,0.0,0.0,22.6,37.8
2024/09/20,63,31.6,20.6,24.3,31.8,20.7,3.1,3.1,0.0,2.0,22.7,39.2
2024/09/21,3,28.9,17.7,23.5,29.2,18.4,0.0,0.0,0.0,0.0,18.9,30.6
2024/09/22,63,23.5,19.0,21.2,25.0,17.1,26.1,26.1,0.0,13.0,31.0,49.3
2024/09/27,3,19.5,18.0,18.9,18.4,13.1,0.0,0.0,0.0,0.0,41.1,62.6
2024/09/28,53,18.8,17.1,17.8,17.2,13.5,1.3,1.3,0.0,6.0,34.9,55.8
2024/09/29,51,20.1,17.7,18.8,19.6,15.8,0.2,0.2,0.0,2.0,27.8,45.7
2025/04/04,53,6.8,4.2,5.7,3.9,0.8,2.2,2.2,0.0,6.0,17.9,33.1
2025/04/05,63,10.2,4.1,6.2,7.0,0.2,7.8,7.8,0.0,6.0,22.9,44.3
2025/04/06,3,5.9,2.8,4.5,3.8,-1.9,0.0,0.0,0.0,0.0,19.4,41.8
2025/04/07,71,5.8,-0.1,2.4,1.4,-6.4,0.7,0.2,0.42,4.0,31.1,71.3
2025/04/08,3,3.1,-2.2,0.8,1.4,-6.8,0.0,0.0,0.0,0.0,21.1,49.7
2025/04/09,53,7.5,0.6,3.6,2.3,-3.8,2.4,2.4,0.0,7.0,20.4,47.2
2025/04/18,51,26.9,13.6,19.9,25.8,8.4,0.1,0.1,0.0,1.0,28.4,56.2
2025/04/19,51,17.6,6.2,10.0,15.7,2.8,0.1,0.1,0.0,1.0,23.9,48.6
2025/04/20,53,12.7,7.3,10.0,8.2,3.8,1.7,1.7,0.0,5.0,30.7,59.8
2025/04/22,61,19.0,5.8,12.5,18.1,4.1,5.1,5.1,0.0,5.0,15.6,40.7
2025/04/23,63,20.2,11.5,15.1,22.2,9.9,6.4,6.4,0.0,6.0,16.5,38.5
2025/04/25,3,11.8,7.7,8.8,10.3,2.3,0.0,0.0,0.0,0.0,30.0,64.8
2025/04/26,3,8.8,5.1,7.3,6.1,1.5,0.0,0.0,0.0,0.0,29.4,64.1
2025/04/27,3,14.9,4.0,10.1,14.7,1.6,0.0,0.0,0.0,0.0,15.9,32.4
2025/05/05,53,12.9,7.3,9.6,12.6,3.8,1.5,1.5,0.0,5.0,19.5,36.7
2025/05/06,3,22.5,8.2,14.8,21.8,6.6,0.0,0.0,0.0,0.0,13.8,34.2
2025/05/07,3,16.4,7.6,11.1,17.4,3.5,0.0,0.0,0.0,0.0,21.4,46.8
2025/05/12,51,19.0,11.4,15.7,18.2,9.5,0.4,0.4,0.0,1.0,14.2,31.7
2025/05/13,3,20.9,11.5,15.8,22.3,10.9,0.0,0.0,0.0,0.0,14.8,28.8
2025/05/14,3,18.8,11.1,14.1,18.9,10.7,0.0,0.0,0.0,0.0,10.7,28.4
2025/05/16,53,28.1,17.4,22.8,26.0,15.5,0.6,0.6,0.0,2.0,36.8,74.2
2025/05/17,51,19.0,12.3,15.8,15.6,7.7,0.1,0.1,0.0,1.0,28.3,61.9
2025/05/18,3,14.2,7.9,11.3,12.2,4.7,0.0,0.0,0.0,0.0,14.5,37.8
2025/05/26,3,13.4,8.3,10.9,12.4,5.9,0.0,0.0,0.0,0.0,15.3,37.4
2025/05/27,3,14.6,9.8,12.3,12.6,8.4,0.0,0.0,0.0,0.0,17.9,36.7
2025/05/28,61,14.4,9.9,11.9,14.0,9.1,8.1,8.1,0.0,7.0,13.0,33.1
2025/05/30,53,24.3,11.3,17.9,23.6,10.8,1.6,1.6,0.0,5.0,24.9,52.9
2025/05/31,0,16.4,9.4,11.1,14.6,6.9,0.0,0.0,0.0,0.0,18.1,45.4
2025/06/01,1,14.6,7.7,11.8,13.4,5.8,0.0,0.0,0.0,0.0,12.2,33.8
2025/06/12,65,25.2,14.5,19.3,25.6,14.1,12.3,12.3,0.0,2.0,16.5,34.2
2025/06/13,51,20.8,14.3,17.7,22.5,14.5,1.7,1.7,0.0,9.0,14.4,26.3
2025/06/14,3,19.0,14.4,16.2,20.0,14.4,0.0,0.0,0.0,0.0,13.5,33.1
2025/06/15,3,22.5,13.9,17.5,24.7,14.0,0.0,0.0,0.0,0.0,11.8,28.1
2025/06/17,51,33.0,20.5,26.2,34.9,21.5,1.0,1.0,0.0,4.0,19.2,42.5
2025/06/19,61,25.1,18.2,21.2,30.0,19.1,11.3,11.3,0.0,16.0,17.0,31.7
2025/06/20,3,27.5,19.5,23.5,29.0,19.8,0.0,0.0,0.0,0.0,20.7,46.1
2025/06/21,3,32.9,23.5,28.3,35.7,23.8,0.0,0.0,0.0,0.0,27.9,56.5
2025/06/22,0,33.7,25.8,29.9,37.1,28.4,0.0,0.0,0.0,0.0,23.7,51.1
2025/07/01,1,26.6,20.6,23.9,29.7,22.4,0.0,0.0,0.0,0.0,14.8,33.8
2025/07/02,53,31.0,21.1,26.1,33.4,23.5,0.8,0.8,0.0,1.0,9.2,25.2
2025/07/03,51,29.9,22.5,26.5,33.5,23.9,0.2,0.2,0.0,1.0,14.2,34.9
2025/07/04,65,30.5,22.8,26.4,34.5,25.6,17.2,17.2,0.0,5.0,11.1,29.5
2025/07/05,3,33.2,24.4,29.1,34.3,26.2,0.0,0.0,0.0,0.0,24.4,49.0
2025/07/06,63,28.3,19.4,24.8,32.6,19.6,8.6,8.6,0.0,11.0,19.3,48.6
2025/07/18,3,23.3,17.0,20.7,26.4,17.1,0.0,0.0,0.0,0.0,11.2,31.3
2025/07/19,63,28.6,21.0,24.3,32.1,24.0,3.7,3.7,0.0,6.0,18.9,44.3
2025/07/20,53,24.0,20.1,21.8,27.4,21.0,3.1,3.1,0.0,8.0,16.9,39.2
2025/07/21,3,24.4,20.2,21.9,28.1,21.2,0.0,0.0,0.0,0.0,15.3,34.6
2025/07/22,3,27.9,20.1,23.9,29.9,22.7,0.0,0.0,0.0,0.0,18.8,42.8
2025/07/23,51,33.0,21.8,27.3,37.3,23.1,0.1,0.1,0.0,1.0,18.1,38.5
2025/08/01,3,22.0,18.4,20.1,22.9,17.9,0.0,0.0,0.0,0.0,19.9,43.2
2025/08/02,3,23.8,17.9,20.9,25.5,19.1,0.0,0.0,0.0,0.0,12.1,29.2
2025/08/03,3,23.6,17.8,21.4,25.6,20.5,0.0,0.0,0.0,0.0,13.6,32.4
2025/08/04,51,24.1,20.5,22.4,26.7,22.2,0.1,0.1,0.0,1.0,14.9,31.3
2025/08/05,1,25.0,21.0,22.8,28.4,23.2,0.0,0.0,0.0,0.0,12.9,30.6
2025/08/06,3,27.5,19.5,23.4,31.1,22.3,0.0,0.0,0.0,0.0,17.8,40.3
2025/08/15,3,29.7,20.1,25.4,33.5,22.6,0.0,0.0,0.0,0.0,15.9,36.0
2025/08/16,3,31.5,24.0,27.1,37.7,27.9,0.0,0.0,0.0,0.0,15.9,38.2
2025/08/17,51,25.2,21.8,23.7,29.4,23.7,0.8,0.8,0.0,5.0,16.2,38.9
2025/08/18,61,28.5,21.1,24.4,32.7,24.0,5.4,5.4,0.0,8.0,18.0,39.2
2025/08/19,63,24.0,21.8,22.8,27.0,24.3,4.8,4.8,0.0,9.0,21.6,41.8
2025/08/19,63,24.0,21.8,22.8,27.0,24.3,4.8,4.8,0.0,9.0,21.6,41.8
2025/08/20,51,22.1,20.6,21.5,24.2,20.6,0.8,0.8,0.0,3.0,19.3,45.0
2025/08/21,51,22.7,20.0,21.3,23.6,20.7,1.0,1.0,0.0,6.0,16.1,38.9
2025/09/01,0,22.5,16.4,19.5,23.7,17.2,0.0,0.0,0.0,0.0,11.0,26.6
2025/09/02,51,23.2,16.6,20.1,25.7,18.1,0.1,0.1,0.0,1.0,13.5,31.3
2025/09/03,61,20.6,15.7,18.2,20.6,12.5,7.4,7.4,0.0,11.0,22.0,49.0
2025/09/05,51,18.5,13.7,16.2,14.5,10.9,0.4,0.4,0.0,2.0,23.8,53.6
2025/09/06,3,18.2,10.7,14.5,14.5,8.5,0.0,0.0,0.0,0.0,19.6,49.0
2025/09/07,2,18.6,10.1,14.4,17.8,8.0,0.0,0.0,0.0,0.0,11.8,25.9
2025/09/12,3,26.0,16.3,21.0,27.4,17.4,0.0,0.0,0.0,0.0,15.7,32.8
2025/09/13,63,25.3,18.1,21.2,28.0,17.8,6.4,6.4,0.0,4.0,17.2,34.2
2025/09/14,0,23.6,18.6,21.1,26.0,20.1,0.0,0.0,0.0,0.0,15.2,28.4
2025/09/23,63,23.2,17.6,19.6,25.8,18.4,7.8,7.8,0.0,8.0,18.1,36.7
2025/09/24,51,19.0,16.6,17.8,18.7,16.1,0.7,0.7,0.0,5.0,20.8,47.2
2025/09/25,51,19.7,15.4,17.3,20.9,15.1,1.0,1.0,0.0,7.0,15.5,35.3
2025/09/26,0,26.0,14.8,20.1,26.2,14.6,0.0,0.0,0.0,0.0,13.5,28.1
2025/09/27,2,29.0,17.6,22.6,29.2,17.4,0.0,0.0,0.0,0.0,12.5,27.0
2025/09/28,0,21.5,18.8,20.1,23.5,19.7,0.0,0.0,0.0,0.0,11.8,29.9
