date,weather_code,weather_code_description,temperature_2m_max,temperature_2m_max_fahrenheit,temperature_2m_min,temperature_2m_min_fahrenheit,temperature_2m_mean,temperature_2m_mean_fahrenheit,apparent_temperature_max,apparent_temperature_max_fahrenheit,apparent_temperature_min,apparent_temperature_min_fahrenheit,precipitation_sum,precipitation_sum_inches,rain_sum,rain_sum_inches,snowfall_sum,snowfall_sum_inches,precipitation_hours,windspeed_10m_max,windspeed_10m_max_mph,windgusts_10m_max,windgusts_10m_max_mph,wind_direction_10m_dominant,wind_direction_10m_dominant_cardinal,wind_direction_10m_dominant_baseball
2020/07/24,2,Partly cloudy,25.1,77.2,18.7,65.7,22.3,72.1,28.7,83.7,20.3,68.5,0.0,0.000,0.0,0.000,0.0,0.000,0.0,16.4,10.2,31.0,19.3,19,N,In from Center
2020/07/25,3,Overcast,29.1,84.4,19.1,66.4,25.0,77.0,32.4,90.3,21.3,70.3,0.0,0.000,0.0,0.000,0.0,0.000,0.0,17.1,10.6,31.0,19.3,170,S,Out to Left Center Field
2020/07/26,61,Slight rain,32.5,90.5,22.7,72.9,27.6,81.7,36.0,96.8,24.9,76.8,4.0,0.157,4.0,0.157,0.0,0.000,4.0,23.7,14.7,38.2,23.7,223,SW,Out to Right Center Field
2020/07/31,3,Overcast,24.0,75.2,19.2,66.6,21.8,71.2,25.6,78.1,19.1,66.4,0.0,0.000,0.0,0.000,0.0,0.000,0.0,22.3,13.9,37.8,23.5,21,N,In from Center
2020/08/01,61,Slight rain,23.6,74.5,20.4,68.7,22.2,72.0,25.9,78.6,21.5,70.7,4.7,0.185,4.7,0.185,0.0,0.000,10.0,16.7,10.4,26.3,16.3,24,NE,In from Center
2020/08/02,61,Slight rain,26.7,80.1,19.9,67.8,22.4,72.3,29.6,85.3,20.8,69.4,10.6,0.417,10.6,0.417,0.0,0.000,13.0,18.5,11.5,37.1,23.1,285,W,Cross from Left Field Corner
2020/08/03,51,Light drizzle,20.6,69.1,18.0,64.4,19.2,66.6,22.1,71.8,15.2,59.4,1.8,0.071,1.8,0.071,0.0,0.000,13.0,33.7,20.9,55.1,34.2,351,N,In from Left Center Field
2020/08/04,51,Light drizzle,19.5,67.1,14.9,58.8,18.0,64.4,17.3,63.1,14.0,57.2,0.4,0.016,0.4,0.016,0.0,0.000,4.0,28.5,17.7,45.0,28.0,12,N,In from Center
2020/08/13,3,Overcast,25.4,77.7,19.7,67.5,22.9,73.2,27.3,81.1,21.8,71.2,0.0,0.000,0.0,0.000,0.0,0.000,0.0,16.3,10.1,29.9,18.6,67,NE,In from Right Field
2020/08/14,0,Clear sky,26.5,79.7,20.0,68.0,23.4,74.1,29.8,85.6,21.9,71.4,0.0,0.000,0.0,0.000,0.0,0.000,0.0,18.0,11.2,33.5,20.8,43,NE,In from Right-Center Field
2020/08/15,53,Moderate drizzle,27.8,82.0,20.1,68.2,23.6,74.5,32.0,89.6,21.9,71.4,1.4,0.055,1.4,0.055,0.0,0.000,3.0,19.9,12.4,30.2,18.8,17,N,In from Center
2020/08/16,51,Light drizzle,24.3,75.7,18.9,66.0,22.0,71.6,25.4,77.7,17.7,63.9,0.1,0.004,0.1,0.004,0.0,0.000,1.0,23.0,14.3,36.7,22.8,359,N,In from Left Center Field
2020/08/17,3,Overcast,25.5,77.9,18.9,66.0,22.8,73.0,27.1,80.8,18.8,65.8,0.0,0.000,0.0,0.000,0.0,0.000,0.0,16.9,10.5,25.2,15.7,307,NW,In from Left Field
2020/08/17,3,Overcast,25.5,77.9,18.9,66.0,22.8,73.0,27.1,80.8,18.8,65.8,0.0,0.000,0.0,0.000,0.0,0.000,0.0,16.9,10.5,25.2,15.7,307,NW,In from Left Field
2020/08/18,3,Overcast,22.1,71.8,18.5,65.3,21.2,70.2,23.5,74.3,18.1,64.6,0.0,0.000,0.0,0.000,0.0,0.000,0.0,23.9,14.9,40.0,24.9,54,NE,In from Right-Center Field
2020/08/19,0,Clear sky,23.6,74.5,16.1,61.0,20.5,68.9,23.6,74.5,15.8,60.4,0.0,0.000,0.0,0.000,0.0,0.000,0.0,22.8,14.2,38.9,24.2,82,E,In from Right Field
2020/08/19,0,Clear sky,23.6,74.5,16.1,61.0,20.5,68.9,23.6,74.5,15.8,60.4,0.0,0.000,0.0,0.000,0.0,0.000,0.0,22.8,14.2,38.9,24.2,82,E,In from Right Field
2020/08/21,3,Overcast,28.2,82.8,17.4,63.3,23.0,73.4,29.5,85.1,17.5,63.5,0.0,0.000,0.0,0.000,0.0,0.000,0.0,14.2,8.8,27.4,17.0,190,S,Out to Left Center Field
2020/08/22,2,Partly cloudy,30.2,86.4,17.4,63.3,24.1,75.4,30.3,86.5,18.2,64.8,0.0,0.000,0.0,0.000,0.0,0.000,0.0,18.6,11.6,30.2,18.8,214,SW,Out to Right Center Field
2020/08/23,51,Light drizzle,30.2,86.4,19.2,66.6,24.7,76.5,32.9,91.2,20.1,68.2,0.3,0.012,0.3,0.012,0.0,0.000,1.0,22.8,14.2,34.2,21.3,201,S,Out to Dead Center Field
2020/09/04,2,Partly cloudy,25.1,77.2,13.4,56.1,19.2,66.6,21.5,70.7,11.4,52.5,0.0,0.000,0.0,0.000,0.0,0.000,0.0,26.0,16.2,42.1,26.2,282,W,Cross from Left Field Corner
2020/09/05,2,Partly cloudy,26.2,79.2,15.9,60.6,20.8,69.4,24.7,76.5,15.0,59.0,0.0,0.000,0.0,0.000,0.0,0.000,0.0,30.8,19.1,49.3,30.6,255,W,Out to Right Field
2020/09/05,2,Partly cloudy,26.2,79.2,15.9,60.6,20.8,69.4,24.7,76.5,15.0,59.0,0.0,0.000,0.0,0.000,0.0,0.000,0.0,30.8,19.1,49.3,30.6,255,W,Out to Right Field
2020/09/06,63,Moderate rain,27.5,81.5,16.0,60.8,20.5,68.9,27.5,81.5,14.3,57.7,19.3,0.760,19.3,0.760,0.0,0.000,9.0,38.8,24.1,63.0,39.1,190,S,Out to Left Center Field
2020/09/07,61,Slight rain,22.6,72.7,17.1,62.8,20.3,68.5,23.0,73.4,14.0,57.2,3.3,0.130,3.3,0.130,0.0,0.000,5.0,33.9,21.1,54.0,33.6,5,N,In from Left Center Field
2020/09/08,63,Moderate rain,18.6,65.5,16.6,61.9,17.5,63.5,18.5,65.3,13.2,55.8,36.3,1.429,36.3,1.429,0.0,0.000,19.0,32.6,20.3,54.0,33.6,33,NE,In from Center
2020/09/09,61,Slight rain,18.6,65.5,16.4,61.5,17.2,63.0,18.1,64.6,14.1,57.4,3.6,0.142,3.6,0.142,0.0,0.000,9.0,28.2,17.5,43.6,27.1,30,NE,In from Center
2020/09/10,61,Slight rain,17.8,64.0,16.4,61.5,16.9,62.4,15.3,59.5,13.4,56.1,4.4,0.173,4.4,0.173,0.0,0.000,7.0,28.9,18.0,44.3,27.5,29,NE,In from Center
2020/09/15,0,Clear sky,24.8,76.6,14.9,58.8,19.5,67.1,23.9,75.0,13.0,55.4,0.0,0.000,0.0,0.000,0.0,0.000,0.0,21.1,13.1,36.4,22.6,191,S,Out to Left Center Field
2020/09/16,51,Light drizzle,26.7,80.1,15.3,59.5,20.8,69.4,26.8,80.2,13.4,56.1,0.7,0.028,0.7,0.028,0.0,0.000,3.0,22.2,13.8,39.2,24.4,248,W,Out to Right Field
2020/09/18,51,Light drizzle,15.7,60.3,10.4,50.7,13.6,56.5,12.8,55.0,7.8,46.0,0.1,0.004,0.1,0.004,0.0,0.000,1.0,29.8,18.5,47.2,29.3,38,NE,In from Right-Center Field
2020/09/19,1,Mainly clear,15.4,59.7,9.6,49.3,12.5,54.5,13.3,55.9,6.5,43.7,0.0,0.000,0.0,0.000,0.0,0.000,0.0,16.0,9.9,26.6,16.5,134,SE,Out to Left Field
2020/09/20,3,Overcast,20.2,68.4,10.6,51.1,15.5,59.9,16.8,62.2,8.1,46.6,0.0,0.000,0.0,0.000,0.0,0.000,0.0,22.4,13.9,34.6,21.5,145,SE,Out to Left Field
2021/04/01,71,Slight snow fall,1.5,34.7,-3.0,26.6,-0.8,30.6,-4.5,23.9,-10.5,13.1,0.2,0.008,0.0,0.000,0.14,0.055,2.0,33.0,20.5,53.3,33.1,360,N,In from Left Center Field
2021/04/03,3,Overcast,18.5,65.3,2.8,37.0,10.3,50.5,14.2,57.6,-4.1,24.6,0.0,0.000,0.0,0.000,0.0,0.000,0.0,31.8,19.8,51.5,32.0,224,SW,Out to Right Center Field
2021/04/04,3,Overcast,16.7,62.1,3.6,38.5,11.2,52.2,15.0,59.0,0.7,33.3,0.0,0.000,0.0,0.000,0.0,0.000,0.0,20.9,13.0,34.2,21.3,160,S,Out to Left Field
2021/04/05,51,Light drizzle,21.8,71.2,12.3,54.1,17.3,63.1,19.7,67.5,8.1,46.6,0.3,0.012,0.3,0.012,0.0,0.000,2.0,24.3,15.1,39.2,24.4,213,SW,Out to Dead Center Field
2021/04/06,3,Overcast,25.5,77.9,12.9,55.2,19.5,67.1,23.3,73.9,9.6,49.3,0.0,0.000,0.0,0.000,0.0,0.000,0.0,27.4,17.0,43.6,27.1,207,SW,Out to Dead Center Field
2021/04/07,51,Light drizzle,23.8,74.8,13.6,56.5,18.3,64.9,22.0,71.6,10.8,51.4,0.5,0.020,0.5,0.020,0.0,0.000,2.0,29.5,18.3,45.4,28.2,173,S,Out to Left Center Field
2021/04/16,3,Overcast,7.5,45.5,3.3,37.9,5.4,41.7,5.0,41.0,-0.0,32.0,0.0,0.000,0.0,0.000,0.0,0.000,0.0,17.3,10.7,34.2,21.3,35,NE,In from Right-Center Field
2021/04/17,3,Overcast,7.7,45.9,3.2,37.8,5.5,41.9,4.6,40.3,-0.6,30.9,0.0,0.000,0.0,0.000,0.0,0.000,0.0,19.2,11.9,36.4,22.6,14,N,In from Center
2021/04/18,51,Light drizzle,15.3,59.5,1.3,34.3,8.8,47.8,12.0,53.6,-2.0,28.4,0.2,0.008,0.2,0.008,0.0,0.000,2.0,17.2,10.7,28.1,17.5,237,SW,Out to Right Field
2021/04/20,73,Moderate snow fall,5.1,41.2,1.6,34.9,3.1,37.6,0.1,32.2,-3.1,26.4,2.5,0.098,0.0,0.000,1.75,0.689,8.0,21.1,13.1,34.2,21.3,22,N,In from Center
2021/04/21,73,Moderate snow fall,7.2,45.0,-1.5,29.3,2.4,36.3,4.7,40.5,-5.3,22.5,2.6,0.102,0.8,0.031,1.26,0.496,10.0,19.2,11.9,52.6,32.7,208,SW,Out to Dead Center Field
2021/04/22,3,Overcast,12.9,55.2,-0.8,30.6,5.9,42.6,9.0,48.2,-5.9,21.4,0.0,0.000,0.0,0.000,0.0,0.000,0.0,25.6,15.9,38.2,23.7,254,W,Out to Right Field
2021/04/23,3,Overcast,15.8,60.4,4.9,40.8,10.4,50.7,11.5,52.7,-0.0,32.0,0.0,0.000,0.0,0.000,0.0,0.000,0.0,28.0,17.4,45.7,28.4,222,SW,Out to Right Center Field
2021/04/24,53,Moderate drizzle,12.0,53.6,7.7,45.9,10.1,50.2,10.0,50.0,5.4,41.7,1.9,0.075,1.9,0.075,0.0,0.000,7.0,24.8,15.4,37.1,23.1,156,SE,Out to Left Field
2021/04/25,3,Overcast,8.8,47.8,3.2,37.8,4.6,40.3,4.4,39.9,-2.2,28.0,0.0,0.000,0.0,0.000,0.0,0.000,0.0,29.1,18.1,48.6,30.2,27,NE,In from Center
2021/05/04,51,Light drizzle,15.2,59.4,9.1,48.4,10.8,51.4,12.8,55.0,6.2,43.2,0.7,0.028,0.7,0.028,0.0,0.000,5.0,26.3,16.3,39.2,24.4,15,N,In from Center
2021/05/04,51,Light drizzle,15.2,59.4,9.1,48.4,10.8,51.4,12.8,55.0,6.2,43.2,0.7,0.028,0.7,0.028,0.0,0.000,5.0,26.3,16.3,39.2,24.4,15,N,In from Center
2021/05/05,3,Overcast,10.6,51.1,6.3,43.3,8.5,47.3,7.0,44.6,2.6,36.7,0.0,0.000,0.0,0.000,0.0,0.000,0.0,22.7,14.1,41.4,25.7,31,NE,In from Center
2021/05/07,51,Light drizzle,12.4,54.3,5.2,41.4,8.2,46.8,9.8,49.6,1.1,34.0,0.2,0.008,0.2,0.008,0.0,0.000,2.0,24.0,14.9,40.7,25.3,345,N,In from Left Field
2021/05/08,73,Moderate snow fall,8.8,47.8,3.0,37.4,6.7,44.1,5.8,42.4,-0.3,31.5,4.1,0.161,3.8,0.150,0.21,0.083,3.0,19.8,12.3,36.4,22.6,76,E,In from Right Field
2021/05/09,61,Slight rain,8.9,48.0,4.2,39.6,6.5,43.7,5.2,41.4,-1.6,29.1,16.9,0.665,16.9,0.665,0.0,0.000,13.0,28.5,17.7,44.6,27.7,51,NE,In from Right-Center Field
2021/05/17,3,Overcast,17.9,64.2,11.9,53.4,14.9,58.8,17.5,63.5,10.6,51.1,0.0,0.000,0.0,0.000,0.0,0.000,0.0,15.6,9.7,29.2,18.1,110,E,Cross from Right Field Corner
2021/05/18,61,Slight rain,21.5,70.7,12.6,54.7,17.1,62.8,20.0,68.0,10.7,51.3,4.4,0.173,4.4,0.173,0.0,0.000,6.0,24.0,14.9,37.1,23.1,131,SE,Out to Left Field
2021/05/19,61,Slight rain,23.2,73.8,16.6,61.9,19.4,66.9,22.5,72.5,15.1,59.2,6.9,0.272,6.9,0.272,0.0,0.000,12.0,29.6,18.4,47.2,29.3,168,S,Out to Left Field
2021/05/20,3,Overcast,27.6,81.7,18.0,64.4,22.9,73.2,26.2,79.2,17.2,63.0,0.0,0.000,0.0,0.000,0.0,0.000,0.0,26.3,16.3,42.1,26.2,175,S,Out to Left Center Field
2021/05/28,61,Slight rain,10.4,50.7,7.7,45.9,9.2,48.6,4.5,40.1,1.7,35.1,8.6,0.339,8.6,0.339,0.0,0.000,17.0,41.8,26.0,67.3,41.8,38,NE,In from Right-Center Field
2021/05/29,3,Overcast,13.1,55.6,7.7,45.9,10.2,50.4,8.9,48.0,0.9,33.6,0.0,0.000,0.0,0.000,0.0,0.000,0.0,33.6,20.9,51.5,32.0,28,NE,In from Center
2021/05/30,3,Overcast,17.2,63.0,6.8,44.2,12.8,55.0,16.2,61.2,4.4,39.9,0.0,0.000,0.0,0.000,0.0,0.000,0.0,16.5,10.3,29.2,18.1,82,E,In from Right Field
2021/05/31,51,Light drizzle,21.5,70.7,12.4,54.3,16.6,61.9,18.7,65.7,9.4,48.9,0.3,0.012,0.3,0.012,0.0,0.000,2.0,23.0,14.3,37.8,23.5,208,SW,Out to Dead Center Field
2021/06/01,3,Overcast,20.5,68.9,9.2,48.6,15.4,59.7,19.9,67.8,7.7,45.9,0.0,0.000,0.0,0.000,0.0,0.000,0.0,17.9,11.1,34.2,21.3,116,SE,Cross from Right Field Corner
2021/06/02,3,Overcast,19.4,66.9,12.3,54.1,16.4,61.5,19.7,67.5,11.4,52.5,0.0,0.000,0.0,0.000,0.0,0.000,0.0,18.5,11.5,34.6,21.5,58,NE,In from Right Field
2021/06/11,3,Overcast,25.9,78.6,18.3,64.9,22.1,71.8,30.2,86.4,19.5,67.1,0.0,0.000,0.0,0.000,0.0,0.000,0.0,15.6,9.7,31.7,19.7,78,E,In from Right Field
2021/06/12,51,Light drizzle,24.1,75.4,17.8,64.0,21.3,70.3,27.3,81.1,18.4,65.1,0.4,0.016,0.4,0.016,0.0,0.000,1.0,17.4,10.8,36.4,22.6,28,NE,In from Center
2021/06/13,1,Mainly clear,24.8,76.6,18.2,64.8,21.6,70.9,25.7,78.3,17.7,63.9,0.0,0.000,0.0,0.000,0.0,0.000,0.0,19.8,12.3,32.0,19.9,54,NE,In from Right-Center Field
2021/06/18,51,Light drizzle,31.8,89.2,20.4,68.7,26.3,79.3,33.3,91.9,19.4,66.9,0.4,0.016,0.4,0.016,0.0,0.000,2.0,30.8,19.1,49.0,30.4,190,S,Out to Left Center Field
2021/06/19,51,Light drizzle,33.0,91.4,17.9,64.2,24.3,75.7,31.0,87.8,17.2,63.0,0.1,0.004,0.1,0.004,0.0,0.000,1.0,31.4,19.5,50.4,31.3,247,SW,Out to Right Field
2021/06/20,63,Moderate rain,26.4,79.5,16.9,62.4,21.7,71.1,29.2,84.6,18.1,64.6,11.7,0.461,11.7,0.461,0.0,0.000,8.0,20.8,12.9,51.1,31.8,121,SE,Cross from Right Field Corner
2021/06/21,61,Slight rain,22.5,72.5,14.6,58.3,19.7,67.5,23.2,73.8,11.0,51.8,3.2,0.126,3.2,0.126,0.0,0.000,8.0,32.8,20.4,50.4,31.3,313,NW,In from Left Field
2021/06/22,3,Overcast,22.4,72.3,12.8,55.0,17.9,64.2,19.4,66.9,11.0,51.8,0.0,0.000,0.0,0.000,0.0,0.000,0.0,24.2,15.0,42.1,26.2,256,W,Out to Right Field
2021/07/05,2,Partly cloudy,32.0,89.6,21.8,71.2,27.0,80.6,33.6,92.5,22.9,73.2,0.0,0.000,0.0,0.000,0.0,0.000,0.0,30.0,18.6,47.2,29.3,239,SW,Out to Right Field
2021/07/06,51,Light drizzle,32.2,90.0,23.2,73.8,27.4,81.3,34.0,93.2,24.2,75.6,1.3,0.051,1.3,0.051,0.0,0.000,4.0,23.0,14.3,34.9,21.7,237,SW,Out to Right Field
2021/07/07,61,Slight rain,29.7,85.5,20.5,68.9,24.3,75.7,31.8,89.2,21.2,70.2,3.3,0.130,3.3,0.130,0.0,0.000,10.0,21.0,13.0,41.4,25.7,227,SW,Out to Right Center Field
2021/07/08,63,Moderate rain,20.0,68.0,16.5,61.7,17.7,63.9,22.1,71.8,14.8,58.6,9.9,0.390,9.9,0.390,0.0,0.000,8.0,28.6,17.8,47.5,29.5,8,N,In from Left Center Field
2021/07/09,51,Light drizzle,21.5,70.7,15.0,59.0,18.5,65.3,21.7,71.1,14.7,58.5,0.1,0.004,0.1,0.004,0.0,0.000,1.0,14.2,8.8,29.5,18.3,26,NE,In from Center
2021/07/10,63,Moderate rain,22.4,72.3,18.2,64.8,20.3,68.5,22.4,72.3,17.7,63.9,7.6,0.299,7.6,0.299,0.0,0.000,9.0,22.6,14.0,34.2,21.3,86,E,In from Right Field
2021/07/23,53,Moderate drizzle,29.5,85.1,22.0,71.6,25.7,78.3,33.5,92.3,25.2,77.4,3.8,0.150,3.8,0.150,0.0,0.000,16.0,16.9,10.5,28.1,17.5,203,SW,Out to Dead Center Field
2021/07/24,55,Dense drizzle,31.8,89.2,22.8,73.0,27.0,80.6,33.5,92.3,24.9,76.8,2.5,0.098,2.5,0.098,0.0,0.000,9.0,29.0,18.0,52.6,32.7,230,SW,Out to Right Center Field
2021/07/25,3,Overcast,30.2,86.4,21.7,71.1,25.9,78.6,31.8,89.2,23.8,74.8,0.0,0.000,0.0,0.000,0.0,0.000,0.0,19.3,12.0,29.9,18.6,80,E,In from Right Field
2021/07/26,1,Mainly clear,30.2,86.4,19.6,67.3,25.7,78.3,32.9,91.2,20.5,68.9,0.0,0.000,0.0,0.000,0.0,0.000,0.0,18.6,11.6,27.4,17.0,99,E,In from Right Field
2021/07/27,3,Overcast,32.1,89.8,21.5,70.7,25.5,77.9,33.1,91.6,23.1,73.6,0.0,0.000,0.0,0.000,0.0,0.000,0.0,21.1,13.1,32.0,19.9,231,SW,Out to Right Center Field
2021/07/28,51,Light drizzle,31.4,88.5,23.5,74.3,27.5,81.5,36.2,97.2,26.7,80.1,0.4,0.016,0.4,0.016,0.0,0.000,3.0,17.0,10.6,29.5,18.3,233,SW,Out to Right Center Field
2021/07/29,51,Light drizzle,30.2,86.4,20.0,68.0,25.2,77.4,31.4,88.5,19.7,67.5,0.1,0.004,0.1,0.004,0.0,0.000,1.0,30.8,19.1,49.3,30.6,320,NW,In from Left Field
2021/08/06,53,Moderate drizzle,25.5,77.9,20.0,68.0,22.2,72.0,25.7,78.3,19.7,67.5,8.3,0.327,8.3,0.327,0.0,0.000,18.0,27.5,17.1,49.7,30.9,213,SW,Out to Dead Center Field
2021/08/07,65,Heavy rain,29.5,85.1,19.0,66.2,24.3,75.7,33.8,92.8,20.3,68.5,11.7,0.461,11.7,0.461,0.0,0.000,7.0,22.0,13.7,39.6,24.6,201,S,Out to Dead Center Field
2021/08/08,61,Slight rain,30.4,86.7,23.7,74.7,26.5,79.7,32.0,89.6,24.5,76.1,2.6,0.102,2.6,0.102,0.0,0.000,6.0,29.6,18.4,47.2,29.3,201,S,Out to Dead Center Field
2021/08/10,65,Heavy rain,32.2,90.0,21.1,70.0,25.7,78.3,35.3,95.5,23.4,74.1,28.7,1.130,28.7,1.130,0.0,0.000,2.0,38.2,23.7,64.1,39.8,216,SW,Out to Right Center Field
2021/08/10,65,Heavy rain,32.2,90.0,21.1,70.0,25.7,78.3,35.3,95.5,23.4,74.1,28.7,1.130,28.7,1.130,0.0,0.000,2.0,38.2,23.7,64.1,39.8,216,SW,Out to Right Center Field
2021/08/11,63,Moderate rain,30.8,87.4,22.4,72.3,25.1,77.2,33.6,92.5,22.4,72.3,13.3,0.524,13.3,0.524,0.0,0.000,8.0,43.1,26.8,65.2,40.5,210,SW,Out to Dead Center Field
2021/08/12,51,Light drizzle,31.6,88.9,22.6,72.7,26.2,79.2,34.4,93.9,24.3,75.7,0.2,0.008,0.2,0.008,0.0,0.000,1.0,29.1,18.1,49.0,30.4,234,SW,Out to Right Center Field
2021/08/20,53,Moderate drizzle,27.8,82.0,21.6,70.9,24.7,76.5,31.2,88.2,24.9,76.8,1.6,0.063,1.6,0.063,0.0,0.000,4.0,15.6,9.7,28.1,17.5,113,SE,Cross from Right Field Corner
2021/08/21,53,Moderate drizzle,30.0,86.0,22.5,72.5,26.0,78.8,32.3,90.1,24.7,76.5,1.5,0.059,1.5,0.059,0.0,0.000,4.0,21.9,13.6,36.4,22.6,191,S,Out to Left Center Field
2021/08/22,51,Light drizzle,23.6,74.5,19.3,66.7,21.9,71.4,27.2,81.0,20.8,69.4,0.1,0.004,0.1,0.004,0.0,0.000,1.0,27.1,16.8,41.8,26.0,9,N,In from Left Center Field
2021/08/23,51,Light drizzle,30.8,87.4,18.4,65.1,24.5,76.1,33.6,92.5,20.7,69.3,0.1,0.004,0.1,0.004,0.0,0.000,1.0,17.0,10.6,26.6,16.5,189,S,Out to Left Center Field
2021/08/25,63,Moderate rain,31.8,89.2,23.1,73.6,26.8,80.2,38.0,100.4,26.7,80.1,12.5,0.492,12.5,0.492,0.0,0.000,8.0,25.3,15.7,33.8,21.0,218,SW,Out to Right Center Field
2021/08/25,63,Moderate rain,31.8,89.2,23.1,73.6,26.8,80.2,38.0,100.4,26.7,80.1,12.5,0.492,12.5,0.492,0.0,0.000,8.0,25.3,15.7,33.8,21.0,218,SW,Out to Right Center Field
2021/09/02,3,Overcast,23.2,73.8,16.1,61.0,20.6,69.1,23.6,74.5,16.6,61.9,0.0,0.000,0.0,0.000,0.0,0.000,0.0,20.9,13.0,31.0,19.3,85,E,In from Right Field
2021/09/03,53,Moderate drizzle,24.1,75.4,17.5,63.5,21.2,70.2,22.6,72.7,16.8,62.2,1.3,0.051,1.3,0.051,0.0,0.000,2.0,21.4,13.3,34.6,21.5,156,SE,Out to Left Field
2021/09/04,55,Dense drizzle,25.0,77.0,19.8,67.6,21.5,70.7,26.4,79.5,18.4,65.1,4.4,0.173,4.4,0.173,0.0,0.000,7.0,23.0,14.3,35.6,22.1,206,SW,Out to Dead Center Field
2021/09/05,2,Partly cloudy,27.2,81.0,16.4,61.5,21.7,71.1,25.4,77.7,15.5,59.9,0.0,0.000,0.0,0.000,0.0,0.000,0.0,22.5,14.0,34.9,21.7,283,W,Cross from Left Field Corner
2021/09/06,2,Partly cloudy,23.1,73.6,16.4,61.5,20.7,69.3,23.9,75.0,16.4,61.5,0.0,0.000,0.0,0.000,0.0,0.000,0.0,23.0,14.3,34.6,21.5,94,E,In from Right Field
2021/09/07,63,Moderate rain,29.3,84.7,18.5,65.3,22.5,72.5,27.0,80.6,17.5,63.5,6.3,0.248,6.3,0.248,0.0,0.000,4.0,41.4,25.7,63.0,39.1,225,SW,Out to Right Center Field
2021/09/08,2,Partly cloudy,24.8,76.6,15.8,60.4,20.0,68.0,21.8,71.2,13.7,56.7,0.0,0.000,0.0,0.000,0.0,0.000,0.0,26.0,16.2,43.2,26.8,297,NW,Cross from Left Field Corner
2021/09/10,2,Partly cloudy,25.4,77.7,15.0,59.0,20.4,68.7,24.7,76.5,14.4,57.9,0.0,0.000,0.0,0.000,0.0,0.000,0.0,19.7,12.2,30.2,18.8,203,SW,Out to Dead Center Field
2021/09/11,3,Overcast,29.7,85.5,18.6,65.5,23.7,74.7,30.3,86.5,17.3,63.1,0.0,0.000,0.0,0.000,0.0,0.000,0.0,26.5,16.5,40.7,25.3,210,SW,Out to Dead Center Field
2021/09/12,3,Overcast,30.9,87.6,19.9,67.8,24.1,75.4,32.0,89.6,20.1,68.2,0.0,0.000,0.0,0.000,0.0,0.000,0.0,25.6,15.9,42.1,26.2,249,W,Out to Right Field
2021/09/21,63,Moderate rain,22.4,72.3,16.9,62.4,19.2,66.6,22.0,71.6,13.7,56.7,17.0,0.669,17.0,0.669,0.0,0.000,19.0,31.7,19.7,48.2,30.0,349,N,In from Left Center Field
2021/09/22,53,Moderate drizzle,16.6,61.9,15.1,59.2,15.8,60.4,12.9,55.2,8.6,47.5,2.8,0.110,2.8,0.110,0.0,0.000,8.0,47.6,29.6,73.4,45.6,5,N,In from Left Center Field
2021/09/24,53,Moderate drizzle,23.8,74.8,12.6,54.7,18.1,64.6,19.7,67.5,9.1,48.4,0.7,0.028,0.7,0.028,0.0,0.000,2.0,36.7,22.8,58.3,36.2,221,SW,Out to Right Center Field
2021/09/24,53,Moderate drizzle,23.8,74.8,12.6,54.7,18.1,64.6,19.7,67.5,9.1,48.4,0.7,0.028,0.7,0.028,0.0,0.000,2.0,36.7,22.8,58.3,36.2,221,SW,Out to Right Center Field
2021/09/25,51,Light drizzle,20.1,68.2,10.4,50.7,15.4,59.7,15.5,59.9,7.2,45.0,0.5,0.020,0.5,0.020,0.0,0.000,2.0,24.3,15.1,41.4,25.7,270,W,Out to Right Field
2021/09/26,3,Overcast,25.8,78.4,13.9,57.0,19.6,67.3,21.9,71.4,9.6,49.3,0.0,0.000,0.0,0.000,0.0,0.000,0.0,30.7,19.1,47.5,29.5,220,SW,Out to Right Center Field
2022/04/07,53,Moderate drizzle,8.2,46.8,4.0,39.2,5.4,41.7,1.9,35.4,-1.7,28.9,2.6,0.102,2.6,0.102,0.0,0.000,13.0,34.7,21.6,55.1,34.2,239,SW,Out to Right Field
2022/04/09,71,Slight snow fall,5.3,41.5,-1.0,30.2,2.4,36.3,1.6,34.9,-6.1,21.0,0.2,0.008,0.0,0.000,0.14,0.055,1.0,22.4,13.9,37.1,23.1,324,NW,In from Left Field
2022/04/10,3,Overcast,12.7,54.9,-1.6,29.1,7.0,44.6,8.4,47.1,-5.4,22.3,0.0,0.000,0.0,0.000,0.0,0.000,0.0,34.1,21.2,50.8,31.6,152,SE,Out to Left Field
2022/04/18,73,Moderate snow fall,6.7,44.1,1.3,34.3,2.9,37.2,1.5,34.7,-4.7,23.5,6.7,0.264,3.9,0.154,1.96,0.772,20.0,33.2,20.6,51.1,31.8,292,W,Cross from Left Field Corner
2022/04/19,3,Overcast,6.3,43.3,1.3,34.3,4.0,39.2,3.0,37.4,-4.8,23.4,0.0,0.000,0.0,0.000,0.0,0.000,0.0,26.9,16.7,41.8,26.0,334,NW,In from Left Field
2022/04/20,61,Slight rain,10.1,50.2,3.8,38.8,7.2,45.0,4.4,39.9,-1.3,29.7,3.7,0.146,3.7,0.146,0.0,0.000,7.0,40.0,24.9,70.2,43.6,154,SE,Out to Left Field
2022/04/21,51,Light drizzle,19.5,67.1,8.4,47.1,13.2,55.8,15.9,60.6,5.3,41.5,1.4,0.055,1.4,0.055,0.0,0.000,5.0,33.0,20.5,54.0,33.6,248,W,Out to Right Field
2022/04/22,55,Dense drizzle,13.4,56.1,6.7,44.1,9.6,49.3,10.4,50.7,2.3,36.1,4.3,0.169,4.3,0.169,0.0,0.000,11.0,34.9,21.7,51.5,32.0,109,E,Cross from Right Field Corner
2022/04/23,3,Overcast,25.0,77.0,13.7,56.7,19.6,67.3,22.8,73.0,10.8,51.4,0.0,0.000,0.0,0.000,0.0,0.000,0.0,36.5,22.7,54.4,33.8,180,S,Out to Left Center Field
2022/04/24,63,Moderate rain,21.6,70.9,13.8,56.8,19.0,66.2,19.4,66.9,9.5,49.1,9.8,0.386,9.8,0.386,0.0,0.000,11.0,41.1,25.5,62.6,38.9,210,SW,Out to Dead Center Field
2022/05/03,65,Heavy rain,8.9,48.0,5.8,42.4,7.1,44.8,4.2,39.6,-1.1,30.0,26.8,1.055,26.8,1.055,0.0,0.000,18.0,41.9,26.0,64.8,40.3,19,N,In from Center
2022/05/04,3,Overcast,8.2,46.8,4.1,39.4,6.1,43.0,5.8,42.4,-1.1,30.0,0.0,0.000,0.0,0.000,0.0,0.000,0.0,35.7,22.2,56.2,34.9,12,N,In from Center
2022/05/07,2,Partly cloudy,11.2,52.2,5.5,41.9,8.6,47.5,8.4,47.1,1.5,34.7,0.0,0.000,0.0,0.000,0.0,0.000,0.0,25.8,16.0,38.5,23.9,19,N,In from Center
2022/05/07,2,Partly cloudy,11.2,52.2,5.5,41.9,8.6,47.5,8.4,47.1,1.5,34.7,0.0,0.000,0.0,0.000,0.0,0.000,0.0,25.8,16.0,38.5,23.9,19,N,In from Center
2022/05/08,3,Overcast,14.9,58.8,6.0,42.8,11.3,52.3,12.4,54.3,2.6,36.7,0.0,0.000,0.0,0.000,0.0,0.000,0.0,26.0,16.2,39.2,24.4,126,SE,Out to Left Field
2022/05/16,3,Overcast,23.7,74.7,12.4,54.3,18.2,64.8,19.8,67.6,9.8,49.6,0.0,0.000,0.0,0.000,0.0,0.000,0.0,28.7,17.8,47.2,29.3,285,W,Cross from Left Field Corner
2022/05/17,51,Light drizzle,15.1,59.2,9.9,49.8,12.2,54.0,13.1,55.6,6.5,43.7,0.1,0.004,0.1,0.004,0.0,0.000,1.0,23.5,14.6,37.1,23.1,49,NE,In from Right-Center Field
2022/05/18,61,Slight rain,14.6,58.3,11.0,51.8,12.1,53.8,12.8,55.0,7.7,45.9,6.3,0.248,6.3,0.248,0.0,0.000,10.0,22.7,14.1,37.1,23.1,61,NE,In from Right Field
2022/05/19,3,Overcast,28.0,82.4,10.2,50.4,19.9,67.8,27.0,80.6,9.1,48.4,0.0,0.000,0.0,0.000,0.0,0.000,0.0,31.4,19.5,45.0,28.0,195,S,Out to Dead Center Field
2022/05/20,63,Moderate rain,29.6,85.3,13.9,57.0,21.8,71.2,27.6,81.7,13.2,55.8,17.5,0.689,17.5,0.689,0.0,0.000,8.0,44.4,27.6,68.4,42.5,207,SW,Out to Dead Center Field
2022/05/21,65,Heavy rain,16.4,61.5,12.7,54.9,14.7,58.5,16.2,61.2,11.7,53.1,33.2,1.307,33.2,1.307,0.0,0.000,21.0,17.1,10.6,31.3,19.4,52,NE,In from Right-Center Field
2022/05/22,51,Light drizzle,15.4,59.7,9.9,49.8,12.8,55.0,13.8,56.8,6.9,44.4,0.1,0.004,0.1,0.004,0.0,0.000,1.0,23.4,14.5,36.0,22.4,16,N,In from Center
2022/05/30,3,Overcast,28.4,83.1,19.6,67.3,24.3,75.7,28.6,83.5,17.4,63.3,0.0,0.000,0.0,0.000,0.0,0.000,0.0,34.2,21.3,52.6,32.7,187,S,Out to Left Center Field
2022/05/30,3,Overcast,28.4,83.1,19.6,67.3,24.3,75.7,28.6,83.5,17.4,63.3,0.0,0.000,0.0,0.000,0.0,0.000,0.0,34.2,21.3,52.6,32.7,187,S,Out to Left Center Field
2022/05/31,63,Moderate rain,28.1,82.6,21.1,70.0,24.6,76.3,29.0,84.2,20.4,68.7,4.4,0.173,4.4,0.173,0.0,0.000,3.0,30.4,18.9,46.8,29.1,210,SW,Out to Dead Center Field
2022/06/01,61,Slight rain,20.5,68.9,13.8,56.8,17.1,62.8,21.4,70.5,12.6,54.7,3.4,0.134,3.4,0.134,0.0,0.000,3.0,18.9,11.7,34.2,21.3,28,NE,In from Center
2022/06/02,53,Moderate drizzle,20.0,68.0,13.9,57.0,17.2,63.0,22.1,71.8,13.7,56.7,0.6,0.024,0.6,0.024,0.0,0.000,2.0,15.5,9.6,30.2,18.8,124,SE,Out to Left Field
2022/06/03,0,Clear sky,25.8,78.4,14.3,57.7,19.6,67.3,23.4,74.1,11.6,52.9,0.0,0.000,0.0,0.000,0.0,0.000,0.0,23.9,14.9,39.2,24.4,268,W,Out to Right Field
2022/06/04,3,Overcast,17.5,63.5,11.9,53.4,15.4,59.7,17.1,62.8,10.3,50.5,0.0,0.000,0.0,0.000,0.0,0.000,0.0,17.1,10.6,32.4,20.1,50,NE,In from Right-Center Field
2022/06/04,3,Overcast,17.5,63.5,11.9,53.4,15.4,59.7,17.1,62.8,10.3,50.5,0.0,0.000,0.0,0.000,0.0,0.000,0.0,17.1,10.6,32.4,20.1,50,NE,In from Right-Center Field
2022/06/05,51,Light drizzle,18.9,66.0,14.6,58.3,16.7,62.1,19.8,67.6,13.6,56.5,0.5,0.020,0.5,0.020,0.0,0.000,3.0,17.1,10.6,31.0,19.3,72,E,In from Right Field
2022/06/13,63,Moderate rain,29.0,84.2,12.3,54.1,19.9,67.8,32.2,90.0,11.1,52.0,8.1,0.319,8.1,0.319,0.0,0.000,7.0,33.0,20.5,48.2,30.0,131,SE,Out to Left Field
2022/06/14,3,Overcast,34.8,94.6,20.9,69.6,28.6,83.5,38.9,102.0,23.0,73.4,0.0,0.000,0.0,0.000,0.0,0.000,0.0,27.5,17.1,49.3,30.6,198,S,Out to Dead Center Field
2022/06/15,3,Overcast,34.5,94.1,25.3,77.5,30.0,86.0,35.5,95.9,27.1,80.8,0.0,0.000,0.0,0.000,0.0,0.000,0.0,38.4,23.9,56.2,34.9,209,SW,Out to Dead Center Field
2022/06/16,3,Overcast,33.4,92.1,22.4,72.3,28.0,82.4,32.5,90.5,23.8,74.8,0.0,0.000,0.0,0.000,0.0,0.000,0.0,37.2,23.1,55.8,34.7,250,W,Out to Right Field
2022/06/17,1,Mainly clear,26.6,79.9,18.1,64.6,23.1,73.6,29.1,84.4,16.2,61.2,0.0,0.000,0.0,0.000,0.0,0.000,0.0,20.9,13.0,34.2,21.3,347,N,In from Left Field
2022/06/18,3,Overcast,17.9,64.2,13.1,55.6,16.2,61.2,16.4,61.5,10.4,50.7,0.0,0.000,0.0,0.000,0.0,0.000,0.0,23.4,14.5,40.7,25.3,20,N,In from Center
2022/06/19,3,Overcast,28.5,83.3,11.9,53.4,20.8,69.4,26.7,80.1,10.6,51.1,0.0,0.000,0.0,0.000,0.0,0.000,0.0,22.4,13.9,32.4,20.1,157,SE,Out to Left Field
2022/06/28,3,Overcast,28.5,83.3,14.5,58.1,22.0,71.6,27.4,81.3,13.0,55.4,0.0,0.000,0.0,0.000,0.0,0.000,0.0,22.1,13.7,34.6,21.5,211,SW,Out to Dead Center Field
2022/06/29,55,Dense drizzle,26.4,79.5,18.9,66.0,22.6,72.7,29.1,84.4,18.6,65.5,2.0,0.079,2.0,0.079,0.0,0.000,2.0,21.0,13.0,37.8,23.5,161,S,Out to Left Field
2022/06/30,3,Overcast,32.8,91.0,21.5,70.7,27.1,80.8,31.4,88.5,20.6,69.1,0.0,0.000,0.0,0.000,0.0,0.000,0.0,28.8,17.9,45.4,28.2,213,SW,Out to Dead Center Field
2022/07/01,51,Light drizzle,26.2,79.2,19.4,66.9,22.6,72.7,26.8,80.2,21.0,69.8,0.2,0.008,0.2,0.008,0.0,0.000,2.0,27.1,16.8,50.8,31.6,241,SW,Out to Right Field
2022/07/02,3,Overcast,25.2,77.4,17.6,63.7,22.0,71.6,25.3,77.5,17.9,64.2,0.0,0.000,0.0,0.000,0.0,0.000,0.0,15.7,9.8,28.1,17.5,130,SE,Out to Left Field
2022/07/03,1,Mainly clear,25.9,78.6,17.5,63.5,22.4,72.3,27.8,82.0,18.2,64.8,0.0,0.000,0.0,0.000,0.0,0.000,0.0,15.5,9.6,29.5,18.3,92,E,In from Right Field
2022/07/12,1,Mainly clear,29.3,84.7,20.5,68.9,24.5,76.1,28.5,83.3,19.2,66.6,0.0,0.000,0.0,0.000,0.0,0.000,0.0,21.9,13.6,34.2,21.3,302,NW,Cross from Left Field Corner
2022/07/13,51,Light drizzle,24.5,76.1,18.6,65.5,21.0,69.8,26.1,79.0,19.2,66.6,0.4,0.016,0.4,0.016,0.0,0.000,2.0,24.1,15.0,40.3,25.0,349,N,In from Left Center Field
2022/07/14,2,Partly cloudy,22.1,71.8,16.7,62.1,19.9,67.8,23.7,74.7,16.6,61.9,0.0,0.000,0.0,0.000,0.0,0.000,0.0,21.1,13.1,38.2,23.7,16,N,In from Center
2022/07/16,53,Moderate drizzle,22.3,72.1,19.0,66.2,20.8,69.4,24.6,76.3,18.9,66.0,2.2,0.087,2.2,0.087,0.0,0.000,7.0,26.0,16.2,42.8,26.6,30,NE,In from Center
2022/07/16,53,Moderate drizzle,22.3,72.1,19.0,66.2,20.8,69.4,24.6,76.3,18.9,66.0,2.2,0.087,2.2,0.087,0.0,0.000,7.0,26.0,16.2,42.8,26.6,30,NE,In from Center
2022/07/17,51,Light drizzle,23.1,73.6,19.7,67.5,21.4,70.5,25.5,77.9,20.7,69.3,1.7,0.067,1.7,0.067,0.0,0.000,10.0,24.7,15.3,35.3,21.9,26,NE,In from Center
2022/07/25,51,Light drizzle,23.0,73.4,19.6,67.3,21.3,70.3,24.0,75.2,19.8,67.6,0.2,0.008,0.2,0.008,0.0,0.000,2.0,17.3,10.7,30.2,18.8,45,NE,In from Right-Center Field
2022/07/26,3,Overcast,24.5,76.1,16.9,62.4,21.4,70.5,25.6,78.1,17.6,63.7,0.0,0.000,0.0,0.000,0.0,0.000,0.0,19.6,12.2,33.8,21.0,126,SE,Out to Left Field
2022/08/05,3,Overcast,27.0,80.6,19.8,67.6,23.6,74.5,31.7,89.1,21.7,71.1,0.0,0.000,0.0,0.000,0.0,0.000,0.0,18.8,11.7,33.5,20.8,65,NE,In from Right Field
2022/08/06,53,Moderate drizzle,32.0,89.6,22.2,72.0,26.9,80.4,35.8,96.4,26.0,78.8,3.4,0.134,3.4,0.134,0.0,0.000,11.0,20.0,12.4,30.2,18.8,176,S,Out to Left Center Field
2022/08/07,63,Moderate rain,28.6,83.5,23.6,74.5,25.3,77.5,33.6,92.5,25.6,78.1,27.6,1.087,27.6,1.087,0.0,0.000,14.0,23.4,14.5,36.7,22.8,214,SW,Out to Right Center Field
2022/08/08,65,Heavy rain,28.5,83.3,19.5,67.1,23.3,73.9,31.9,89.4,18.0,64.4,16.0,0.630,16.0,0.630,0.0,0.000,12.0,31.4,19.5,50.4,31.3,280,W,Out to Right Field
2022/08/09,51,Light drizzle,21.2,70.2,17.0,62.6,19.6,67.3,21.3,70.3,17.4,63.3,0.3,0.012,0.3,0.012,0.0,0.000,2.0,23.1,14.4,38.2,23.7,20,N,In from Center
2022/08/10,3,Overcast,25.6,78.1,15.1,59.2,21.1,70.0,28.6,83.5,15.7,60.3,0.0,0.000,0.0,0.000,0.0,0.000,0.0,16.0,9.9,27.0,16.8,156,SE,Out to Left Field
2022/08/19,51,Light drizzle,28.8,83.8,18.9,66.0,23.5,74.3,28.0,82.4,19.2,66.6,0.1,0.004,0.1,0.004,0.0,0.000,1.0,21.3,13.2,35.6,22.1,190,S,Out to Left Center Field
2022/08/20,63,Moderate rain,25.9,78.6,19.5,67.1,21.8,71.2,28.9,84.0,19.7,67.5,14.8,0.583,14.8,0.583,0.0,0.000,17.0,23.3,14.5,41.8,26.0,185,S,Out to Left Center Field
2022/08/21,63,Moderate rain,22.1,71.8,19.0,66.2,20.6,69.1,23.5,74.3,20.0,68.0,11.3,0.445,11.3,0.445,0.0,0.000,10.0,22.6,14.0,38.5,23.9,13,N,In from Center
2022/08/22,1,Mainly clear,23.5,74.3,17.6,63.7,20.9,69.6,26.4,79.5,18.3,64.9,0.0,0.000,0.0,0.000,0.0,0.000,0.0,15.9,9.9,26.6,16.5,11,N,In from Left Center Field
2022/08/23,3,Overcast,25.7,78.3,17.2,63.0,21.5,70.7,27.9,82.2,17.8,64.0,0.0,0.000,0.0,0.000,0.0,0.000,0.0,13.7,8.5,25.6,15.9,203,SW,Out to Dead Center Field
2022/08/23,3,Overcast,25.7,78.3,17.2,63.0,21.5,70.7,27.9,82.2,17.8,64.0,0.0,0.000,0.0,0.000,0.0,0.000,0.0,13.7,8.5,25.6,15.9,203,SW,Out to Dead Center Field
2022/08/24,3,Overcast,25.6,78.1,17.6,63.7,22.0,71.6,28.4,83.1,18.8,65.8,0.0,0.000,0.0,0.000,0.0,0.000,0.0,18.6,11.6,32.0,19.9,113,SE,Cross from Right Field Corner
2022/08/25,65,Heavy rain,26.9,80.4,18.3,64.9,22.0,71.6,30.6,87.1,18.4,65.1,15.2,0.598,15.2,0.598,0.0,0.000,10.0,21.9,13.6,35.6,22.1,218,SW,Out to Right Center Field
2022/09/06,51,Light drizzle,23.4,74.1,19.0,66.2,21.1,70.0,26.2,79.2,20.4,68.7,0.8,0.031,0.8,0.031,0.0,0.000,8.0,16.4,10.2,29.5,18.3,35,NE,In from Right-Center Field
2022/09/07,51,Light drizzle,23.4,74.1,19.0,66.2,21.3,70.3,24.5,76.1,20.6,69.1,1.3,0.051,1.3,0.051,0.0,0.000,7.0,16.7,10.4,30.6,19.0,21,N,In from Center
2022/09/08,3,Overcast,26.4,79.5,16.2,61.2,21.7,71.1,27.6,81.7,17.5,63.5,0.0,0.000,0.0,0.000,0.0,0.000,0.0,16.3,10.1,23.0,14.3,154,SE,Out to Left Field
2022/09/09,0,Clear sky,26.7,80.1,16.2,61.2,21.7,71.1,26.9,80.4,15.6,60.1,0.0,0.000,0.0,0.000,0.0,0.000,0.0,18.7,11.6,30.2,18.8,174,S,Out to Left Center Field
2022/09/10,3,Overcast,26.2,79.2,16.0,60.8,21.8,71.2,28.3,82.9,17.2,63.0,0.0,0.000,0.0,0.000,0.0,0.000,0.0,17.2,10.7,30.2,18.8,125,SE,Out to Left Field
2022/09/11,65,Heavy rain,21.0,69.8,14.7,58.5,18.9,66.0,24.0,75.2,8.6,47.5,62.3,2.453,62.3,2.453,0.0,0.000,15.0,58.7,36.5,87.1,54.1,322,NW,In from Left Field
2022/09/16,3,Overcast,27.8,82.0,17.6,63.7,22.4,72.3,27.1,80.8,18.1,64.6,0.0,0.000,0.0,0.000,0.0,0.000,0.0,20.5,12.7,31.7,19.7,193,S,Out to Dead Center Field
2022/09/17,53,Moderate drizzle,29.5,85.1,19.8,67.6,23.9,75.0,27.4,81.3,20.0,68.0,0.8,0.031,0.8,0.031,0.0,0.000,2.0,31.4,19.5,46.1,28.6,204,SW,Out to Dead Center Field
2022/09/18,63,Moderate rain,29.1,84.4,20.9,69.6,24.1,75.4,29.3,84.7,20.0,68.0,4.6,0.181,4.6,0.181,0.0,0.000,3.0,22.5,14.0,36.7,22.8,220,SW,Out to Right Center Field
2022/09/27,3,Overcast,14.1,57.4,8.6,47.5,11.6,52.9,8.9,48.0,4.7,40.5,0.0,0.000,0.0,0.000,0.0,0.000,0.0,28.2,17.5,43.9,27.3,321,NW,In from Left Field
2022/09/28,51,Light drizzle,13.2,55.8,10.3,50.5,11.8,53.2,9.6,49.3,5.7,42.3,0.4,0.016,0.4,0.016,0.0,0.000,4.0,28.1,17.5,42.1,26.2,1,N,In from Left Center Field
2022/09/29,3,Overcast,14.6,58.3,9.0,48.2,11.9,53.4,12.6,54.7,6.6,43.9,0.0,0.000,0.0,0.000,0.0,0.000,0.0,15.0,9.3,25.9,16.1,97,E,In from Right Field
2022/09/30,1,Mainly clear,15.9,60.6,8.5,47.3,13.0,55.4,15.0,59.0,6.5,43.7,0.0,0.000,0.0,0.000,0.0,0.000,0.0,17.1,10.6,25.9,16.1,101,E,In from Right Field
2022/10/01,2,Partly cloudy,17.5,63.5,13.9,57.0,15.7,60.3,15.1,59.2,11.8,53.2,0.0,0.000,0.0,0.000,0.0,0.000,0.0,24.1,15.0,38.9,24.2,33,NE,In from Center
2022/10/02,3,Overcast,16.0,60.8,13.6,56.5,14.7,58.5,13.9,57.0,10.6,51.1,0.0,0.000,0.0,0.000,0.0,0.000,0.0,25.6,15.9,40.7,25.3,38,NE,In from Right-Center Field
2023/03/30,3,Overcast,9.4,48.9,-3.0,26.6,2.6,36.7,2.6,36.7,-7.7,18.1,0.0,0.000,0.0,0.000,0.0,0.000,0.0,35.2,21.9,50.8,31.6,128,SE,Out to Left Field
2023/04/01,71,Slight snow fall,11.6,52.9,0.0,32.0,4.5,40.1,4.9,40.8,-4.0,24.8,1.0,0.039,0.9,0.035,0.07,0.028,7.0,38.2,23.7,58.7,36.5,292,W,Cross from Left Field Corner
2023/04/02,3,Overcast,10.7,51.3,-2.4,27.7,5.2,41.4,6.4,43.5,-6.1,21.0,0.0,0.000,0.0,0.000,0.0,0.000,0.0,30.6,19.0,44.6,27.7,169,S,Out to Left Center Field
2023/04/07,1,Mainly clear,5.4,41.7,2.2,36.0,3.8,38.8,2.2,36.0,-2.5,27.5,0.0,0.000,0.0,0.000,0.0,0.000,0.0,18.4,11.4,33.1,20.6,48,NE,In from Right-Center Field
2023/04/08,3,Overcast,11.6,52.9,1.9,35.4,7.0,44.6,9.3,48.7,-1.7,28.9,0.0,0.000,0.0,0.000,0.0,0.000,0.0,17.7,11.0,31.7,19.7,139,SE,Out to Left Field
2023/04/09,3,Overcast,16.5,61.7,3.4,38.1,10.0,50.0,14.3,57.7,-0.3,31.5,0.0,0.000,0.0,0.000,0.0,0.000,0.0,17.3,10.7,30.6,19.0,161,S,Out to Left Field
2023/04/10,3,Overcast,19.5,67.1,6.1,43.0,12.4,54.3,16.1,61.0,1.8,35.2,0.0,0.000,0.0,0.000,0.0,0.000,0.0,20.3,12.6,29.5,18.3,184,S,Out to Left Center Field
2023/04/11,3,Overcast,22.8,73.0,8.9,48.0,16.0,60.8,20.0,68.0,4.4,39.9,0.0,0.000,0.0,0.000,0.0,0.000,0.0,27.0,16.8,40.7,25.3,232,SW,Out to Right Center Field
2023/04/12,3,Overcast,24.3,75.7,12.6,54.7,18.5,65.3,20.3,68.5,8.5,47.3,0.0,0.000,0.0,0.000,0.0,0.000,0.0,34.0,21.1,52.2,32.4,226,SW,Out to Right Center Field
2023/04/20,63,Moderate rain,24.8,76.6,11.6,52.9,17.8,64.0,20.3,68.5,7.5,45.5,7.5,0.295,7.5,0.295,0.0,0.000,5.0,40.2,25.0,65.9,40.9,192,S,Out to Dead Center Field
2023/04/21,51,Light drizzle,15.8,60.4,5.5,41.9,10.6,51.1,10.0,50.0,2.4,36.3,0.2,0.008,0.2,0.008,0.0,0.000,2.0,29.0,18.0,45.7,28.4,248,W,Out to Right Field
2023/04/22,73,Moderate snow fall,7.7,45.9,2.9,37.2,5.5,41.9,4.0,39.2,-2.1,28.2,3.3,0.130,2.1,0.083,0.84,0.331,10.0,29.7,18.5,46.4,28.8,265,W,Out to Right Field
2023/04/23,53,Moderate drizzle,5.7,42.3,1.8,35.2,3.5,38.3,2.3,36.1,-3.1,26.4,3.3,0.130,3.3,0.130,0.0,0.000,10.0,21.9,13.6,33.5,20.8,281,W,Out to Right Field
2023/04/25,53,Moderate drizzle,6.7,44.1,2.7,36.9,4.7,40.5,3.2,37.8,-2.1,28.2,4.1,0.161,4.1,0.161,0.0,0.000,7.0,24.6,15.3,41.4,25.7,31,NE,In from Center
2023/04/26,1,Mainly clear,6.2,43.2,3.0,37.4,4.6,40.3,3.1,37.6,-2.0,28.4,0.0,0.000,0.0,0.000,0.0,0.000,0.0,20.8,12.9,33.5,20.8,50,NE,In from Right-Center Field
2023/04/27,3,Overcast,14.3,57.7,1.9,35.4,8.2,46.8,12.6,54.7,-1.9,28.6,0.0,0.000,0.0,0.000,0.0,0.000,0.0,19.9,12.4,34.6,21.5,115,SE,Cross from Right Field Corner
2023/05/05,3,Overcast,22.3,72.1,10.1,50.2,15.8,60.4,20.0,68.0,5.9,42.6,0.0,0.000,0.0,0.000,0.0,0.000,0.0,28.1,17.5,41.0,25.5,158,S,Out to Left Field
2023/05/06,53,Moderate drizzle,22.5,72.5,11.8,53.2,16.8,62.2,20.7,69.3,8.4,47.1,1.5,0.059,1.5,0.059,0.0,0.000,5.0,28.2,17.5,44.6,27.7,148,SE,Out to Left Field
2023/05/07,55,Dense drizzle,23.4,74.1,7.8,46.0,16.0,60.8,27.2,81.0,3.8,38.8,1.5,0.059,1.5,0.059,0.0,0.000,3.0,26.8,16.7,40.7,25.3,165,S,Out to Left Field
2023/05/08,63,Moderate rain,14.1,57.4,6.9,44.4,9.0,48.2,12.8,55.0,2.7,36.9,10.8,0.425,10.8,0.425,0.0,0.000,12.0,25.6,15.9,40.0,24.9,22,N,In from Center
2023/05/09,3,Overcast,11.6,52.9,7.2,45.0,9.2,48.6,10.8,51.4,4.0,39.2,0.0,0.000,0.0,0.000,0.0,0.000,0.0,18.5,11.5,34.2,21.3,25,NE,In from Center
2023/05/10,3,Overcast,16.6,61.9,5.9,42.6,11.3,52.3,18.2,64.8,3.7,38.7,0.0,0.000,0.0,0.000,0.0,0.000,0.0,15.9,9.9,26.6,16.5,83,E,In from Right Field
2023/05/23,0,Clear sky,22.6,72.7,13.8,56.8,17.9,64.2,24.0,75.2,11.4,52.5,0.0,0.000,0.0,0.000,0.0,0.000,0.0,22.2,13.8,36.7,22.8,112,E,Cross from Right Field Corner
2023/05/24,3,Overcast,18.0,64.4,8.9,48.0,12.6,54.7,17.7,63.9,3.9,39.0,0.0,0.000,0.0,0.000,0.0,0.000,0.0,32.6,20.3,51.8,32.2,11,N,In from Left Center Field
2023/05/25,3,Overcast,12.1,53.8,8.1,46.6,10.0,50.0,8.4,47.1,2.7,36.9,0.0,0.000,0.0,0.000,0.0,0.000,0.0,26.6,16.5,44.3,27.5,44,NE,In from Right-Center Field
2023/05/26,2,Partly cloudy,15.2,59.4,8.6,47.5,12.0,53.6,13.2,55.8,5.5,41.9,0.0,0.000,0.0,0.000,0.0,0.000,0.0,23.1,14.4,40.0,24.9,35,NE,In from Right-Center Field
2023/05/27,3,Overcast,18.0,64.4,8.8,47.8,13.9,57.0,15.8,60.4,6.5,43.7,0.0,0.000,0.0,0.000,0.0,0.000,0.0,20.9,13.0,36.0,22.4,46,NE,In from Right-Center Field
2023/05/28,3,Overcast,20.3,68.5,10.4,50.7,15.6,60.1,19.4,66.9,8.9,48.0,0.0,0.000,0.0,0.000,0.0,0.000,0.0,17.6,10.9,31.7,19.7,40,NE,In from Right-Center Field
2023/05/29,3,Overcast,20.1,68.2,10.9,51.6,16.0,60.8,20.1,68.2,9.2,48.6,0.0,0.000,0.0,0.000,0.0,0.000,0.0,17.6,10.9,31.7,19.7,36,NE,In from Right-Center Field
2023/05/30,3,Overcast,23.0,73.4,12.9,55.2,18.2,64.8,23.6,74.5,12.1,53.8,0.0,0.000,0.0,0.000,0.0,0.000,0.0,16.1,10.0,30.2,18.8,49,NE,In from Right-Center Field
2023/05/31,63,Moderate rain,27.4,81.3,15.2,59.4,21.8,71.2,30.0,86.0,15.0,59.0,3.2,0.126,3.2,0.126,0.0,0.000,3.0,23.1,14.4,39.2,24.4,123,SE,Cross from Right Field Corner
2023/06/13,61,Slight rain,18.8,65.8,12.6,54.7,15.8,60.4,17.7,63.9,10.3,50.5,11.8,0.465,11.8,0.465,0.0,0.000,16.0,32.9,20.4,49.7,30.9,294,NW,Cross from Left Field Corner
2023/06/14,51,Light drizzle,18.5,65.3,13.6,56.5,15.6,60.1,19.0,66.2,13.3,55.9,0.1,0.004,0.1,0.004,0.0,0.000,1.0,18.9,11.7,33.1,20.6,75,E,In from Right Field
2023/06/15,51,Light drizzle,25.9,78.6,11.2,52.2,16.0,60.8,25.2,77.4,7.4,45.3,0.1,0.004,0.1,0.004,0.0,0.000,1.0,28.3,17.6,53.6,33.3,15,N,In from Center
2023/06/16,3,Overcast,16.3,61.3,11.4,52.5,13.2,55.8,14.4,57.9,7.3,45.1,0.0,0.000,0.0,0.000,0.0,0.000,0.0,27.8,17.3,42.8,26.6,11,N,In from Left Center Field
2023/06/17,3,Overcast,21.0,69.8,10.8,51.4,16.2,61.2,21.6,70.9,9.8,49.6,0.0,0.000,0.0,0.000,0.0,0.000,0.0,17.5,10.9,33.1,20.6,64,NE,In from Right Field
2023/06/18,3,Overcast,23.4,74.1,14.6,58.3,19.3,66.7,24.3,75.7,13.6,56.5,0.0,0.000,0.0,0.000,0.0,0.000,0.0,25.2,15.7,41.4,25.7,99,E,In from Right Field
2023/06/27,51,Light drizzle,20.4,68.7,15.6,60.1,18.4,65.1,19.8,67.6,15.2,59.4,0.1,0.004,0.1,0.004,0.0,0.000,1.0,26.9,16.7,46.1,28.6,11,N,In from Left Center Field
2023/06/28,51,Light drizzle,23.8,74.8,13.6,56.5,19.5,67.1,25.4,77.7,13.3,55.9,0.1,0.004,0.1,0.004,0.0,0.000,1.0,20.5,12.7,33.5,20.8,100,E,In from Right Field
2023/06/29,65,Heavy rain,29.5,85.1,19.5,67.1,23.3,73.9,33.4,92.1,19.1,66.4,24.6,0.969,24.6,0.969,0.0,0.000,11.0,24.5,15.2,44.6,27.7,159,S,Out to Left Field
2023/06/30,61,Slight rain,27.5,81.5,21.2,70.2,24.3,75.7,35.0,95.0,24.0,75.2,1.9,0.075,1.9,0.075,0.0,0.000,4.0,23.2,14.4,42.5,26.4,154,SE,Out to Left Field
2023/07/01,63,Moderate rain,26.0,78.8,20.6,69.1,22.4,72.3,32.9,91.2,23.3,73.9,14.7,0.579,14.7,0.579,0.0,0.000,12.0,17.3,10.7,39.2,24.4,191,S,Out to Left Center Field
2023/07/02,65,Heavy rain,21.1,70.0,16.5,61.7,18.5,65.3,25.1,77.2,14.6,58.3,114.0,4.488,114.0,4.488,0.0,0.000,19.0,43.6,27.1,66.2,41.1,16,N,In from Center
2023/07/14,61,Slight rain,30.8,87.4,19.5,67.1,24.1,75.4,31.5,88.7,20.3,68.5,2.3,0.091,2.3,0.091,0.0,0.000,4.0,26.4,16.4,44.3,27.5,233,SW,Out to Right Center Field
2023/07/15,55,Dense drizzle,27.5,81.5,20.5,68.9,23.4,74.1,32.6,90.7,22.4,72.3,5.7,0.224,5.7,0.224,0.0,0.000,12.0,15.9,9.9,34.2,21.3,239,SW,Out to Right Field
2023/07/16,3,Overcast,27.7,81.9,19.0,66.2,23.1,73.6,27.0,80.6,19.4,66.9,0.0,0.000,0.0,0.000,0.0,0.000,0.0,28.5,17.7,43.6,27.1,261,W,Out to Right Field
2023/07/17,3,Overcast,22.5,72.5,18.4,65.1,20.7,69.3,25.4,77.7,19.4,66.9,0.0,0.000,0.0,0.000,0.0,0.000,0.0,21.2,13.2,35.6,22.1,192,S,Out to Dead Center Field
2023/07/18,3,Overcast,22.2,72.0,16.8,62.2,19.9,67.8,23.1,73.6,16.8,62.2,0.0,0.000,0.0,0.000,0.0,0.000,0.0,16.6,10.3,31.0,19.3,37,NE,In from Right-Center Field
2023/07/19,3,Overcast,24.6,76.3,16.0,60.8,21.1,70.0,27.2,81.0,17.0,62.6,0.0,0.000,0.0,0.000,0.0,0.000,0.0,15.7,9.8,28.8,17.9,111,E,Cross from Right Field Corner
2023/07/20,53,Moderate drizzle,29.6,85.3,19.7,67.5,23.5,74.3,29.5,85.1,20.9,69.6,1.0,0.039,1.0,0.039,0.0,0.000,3.0,30.1,18.7,54.7,34.0,270,W,Out to Right Field
2023/07/21,3,Overcast,23.1,73.6,18.4,65.1,20.4,68.7,24.9,76.8,17.4,63.3,0.0,0.000,0.0,0.000,0.0,0.000,0.0,21.7,13.5,35.6,22.1,20,N,In from Center
2023/07/22,3,Overcast,27.9,82.2,17.4,63.3,22.3,72.1,30.1,86.2,18.0,64.4,0.0,0.000,0.0,0.000,0.0,0.000,0.0,13.0,8.1,22.0,13.7,239,SW,Out to Right Field
2023/07/23,3,Overcast,25.0,77.0,18.0,64.4,21.9,71.4,28.0,82.4,19.2,66.6,0.0,0.000,0.0,0.000,0.0,0.000,0.0,17.1,10.6,30.6,19.0,148,SE,Out to Left Field
2023/07/31,51,Light drizzle,24.7,76.5,16.6,61.9,21.2,70.2,26.5,79.7,17.4,63.3,0.2,0.008,0.2,0.008,0.0,0.000,2.0,15.8,9.8,27.7,17.2,103,E,Cross from Right Field Corner
2023/08/01,51,Light drizzle,27.6,81.7,18.3,64.9,23.3,73.9,29.0,84.2,19.8,67.6,0.2,0.008,0.2,0.008,0.0,0.000,2.0,14.2,8.8,25.2,15.7,181,S,Out to Left Center Field
2023/08/02,3,Overcast,27.9,82.2,18.9,66.0,23.6,74.5,29.5,85.1,19.9,67.8,0.0,0.000,0.0,0.000,0.0,0.000,0.0,16.3,10.1,28.8,17.9,180,S,Out to Left Center Field
2023/08/03,3,Overcast,27.2,81.0,18.2,64.8,23.2,73.8,31.0,87.8,20.2,68.4,0.0,0.000,0.0,0.000,0.0,0.000,0.0,14.5,9.0,24.1,15.0,143,SE,Out to Left Field
2023/08/04,3,Overcast,25.1,77.2,20.5,68.9,22.9,73.2,29.3,84.7,22.0,71.6,0.0,0.000,0.0,0.000,0.0,0.000,0.0,23.2,14.4,37.4,23.2,29,NE,In from Center
2023/08/05,61,Slight rain,22.5,72.5,20.0,68.0,21.3,70.3,26.1,79.0,20.1,68.2,16.8,0.661,16.8,0.661,0.0,0.000,15.0,24.1,15.0,36.7,22.8,62,NE,In from Right Field
2023/08/06,55,Dense drizzle,21.2,70.2,19.0,66.2,20.0,68.0,21.0,69.8,18.0,64.4,6.3,0.248,6.3,0.248,0.0,0.000,13.0,31.1,19.3,48.6,30.2,27,NE,In from Center
2023/08/15,55,Dense drizzle,20.8,69.4,17.2,63.0,19.1,66.4,21.7,71.1,15.3,59.5,2.9,0.114,2.9,0.114,0.0,0.000,8.0,32.8,20.4,53.6,33.3,351,N,In from Left Center Field
2023/08/16,3,Overcast,26.5,79.7,14.6,58.3,20.7,69.3,27.0,80.6,14.5,58.1,0.0,0.000,0.0,0.000,0.0,0.000,0.0,23.5,14.6,36.0,22.4,213,SW,Out to Dead Center Field
2023/08/18,3,Overcast,22.5,72.5,14.4,57.9,19.0,66.2,23.0,73.4,13.5,56.3,0.0,0.000,0.0,0.000,0.0,0.000,0.0,20.4,12.7,32.4,20.1,159,S,Out to Left Field
2023/08/19,51,Light drizzle,26.0,78.8,16.2,61.2,21.3,70.3,25.9,78.6,15.5,59.9,0.4,0.016,0.4,0.016,0.0,0.000,1.0,24.8,15.4,41.4,25.7,179,S,Out to Left Center Field
2023/08/20,3,Overcast,27.0,80.6,20.1,68.2,23.7,74.7,32.7,90.9,22.0,71.6,0.0,0.000,0.0,0.000,0.0,0.000,0.0,17.8,11.1,27.4,17.0,54,NE,In from Right-Center Field
2023/08/28,1,Mainly clear,23.2,73.8,16.4,61.5,20.5,68.9,23.6,74.5,16.5,61.7,0.0,0.000,0.0,0.000,0.0,0.000,0.0,13.5,8.4,24.5,15.2,105,E,Cross from Right Field Corner
2023/08/29,51,Light drizzle,28.1,82.6,17.4,63.3,21.5,70.7,29.3,84.7,16.4,61.5,0.7,0.028,0.7,0.028,0.0,0.000,4.0,30.2,18.8,50.8,31.6,283,W,Cross from Left Field Corner
2023/08/30,51,Light drizzle,18.5,65.3,15.6,60.1,17.2,63.0,16.9,62.4,13.0,55.4,1.0,0.039,1.0,0.039,0.0,0.000,5.0,29.4,18.3,49.0,30.4,14,N,In from Center
2023/09/04,3,Overcast,32.5,90.5,21.6,70.9,27.0,80.6,34.1,93.4,23.6,74.5,0.0,0.000,0.0,0.000,0.0,0.000,0.0,19.9,12.4,30.6,19.0,193,S,Out to Dead Center Field
2023/09/05,3,Overcast,31.6,88.9,24.0,75.2,27.2,81.0,32.0,89.6,25.2,77.4,0.0,0.000,0.0,0.000,0.0,0.000,0.0,28.4,17.6,44.6,27.7,186,S,Out to Left Center Field
2023/09/06,63,Moderate rain,28.9,84.0,20.5,68.9,24.5,76.1,28.8,83.8,20.7,69.3,9.5,0.374,9.5,0.374,0.0,0.000,5.0,31.4,19.5,51.8,32.2,229,SW,Out to Right Center Field
2023/09/07,51,Light drizzle,20.5,68.9,18.1,64.6,19.5,67.1,20.9,69.6,17.4,63.3,0.2,0.008,0.2,0.008,0.0,0.000,1.0,23.4,14.5,36.0,22.4,350,N,In from Left Center Field
2023/09/08,63,Moderate rain,18.5,65.3,16.9,62.4,17.6,63.7,17.7,63.9,16.0,60.8,12.8,0.504,12.8,0.504,0.0,0.000,16.0,24.2,15.0,41.8,26.0,13,N,In from Center
2023/09/09,3,Overcast,20.5,68.9,15.4,59.7,18.2,64.8,20.6,69.1,14.9,58.8,0.0,0.000,0.0,0.000,0.0,0.000,0.0,17.3,10.7,32.0,19.9,24,NE,In from Center
2023/09/10,51,Light drizzle,22.8,73.0,13.9,57.0,19.4,66.9,24.5,76.1,14.1,57.4,0.8,0.031,0.8,0.031,0.0,0.000,2.0,15.4,9.6,28.4,17.6,118,SE,Cross from Right Field Corner
2023/09/19,63,Moderate rain,19.0,66.2,14.2,57.6,16.7,62.1,18.8,65.8,12.6,54.7,8.9,0.350,8.9,0.350,0.0,0.000,11.0,26.0,16.2,38.9,24.2,169,S,Out to Left Center Field
2023/09/20,3,Overcast,25.0,77.0,15.8,60.4,20.0,68.0,24.6,76.3,14.6,58.3,0.0,0.000,0.0,0.000,0.0,0.000,0.0,19.8,12.3,32.0,19.9,174,S,Out to Left Center Field
2023/09/21,51,Light drizzle,21.8,71.2,17.0,62.6,19.9,67.8,23.8,74.8,17.4,63.3,0.1,0.004,0.1,0.004,0.0,0.000,1.0,19.1,11.9,32.8,20.4,102,E,Cross from Right Field Corner
2023/09/22,53,Moderate drizzle,23.3,73.9,17.7,63.9,20.6,69.1,25.4,77.7,19.2,66.6,1.4,0.055,1.4,0.055,0.0,0.000,5.0,18.3,11.4,27.0,16.8,121,SE,Cross from Right Field Corner
2023/09/23,3,Overcast,21.8,71.2,17.7,63.9,19.8,67.6,21.7,71.1,15.2,59.4,0.0,0.000,0.0,0.000,0.0,0.000,0.0,26.8,16.7,40.7,25.3,110,E,Cross from Right Field Corner
2023/09/24,3,Overcast,21.1,70.0,14.6,58.3,18.1,64.6,21.2,70.2,12.7,54.9,0.0,0.000,0.0,0.000,0.0,0.000,0.0,23.7,14.7,36.7,22.8,108,E,Cross from Right Field Corner
2024/04/01,63,Moderate rain,7.2,45.0,4.2,39.6,5.7,42.3,3.0,37.4,-0.7,30.7,16.6,0.654,16.6,0.654,0.0,0.000,11.0,31.4,19.5,46.8,29.1,51,NE,In from Right-Center Field
2024/04/02,61,Slight rain,14.9,58.8,2.5,36.5,6.1,43.0,9.8,49.6,-4.3,24.3,5.0,0.197,5.0,0.197,0.0,0.000,16.0,46.6,29.0,69.8,43.4,83,E,In from Right Field
2024/04/03,73,Moderate snow fall,3.0,37.4,1.6,34.9,2.3,36.1,-3.3,26.1,-4.9,23.2,10.6,0.417,5.6,0.220,3.5,1.378,22.0,33.7,20.9,52.9,32.9,282,W,Cross from Left Field Corner
2024/04/05,3,Overcast,6.4,43.5,1.5,34.7,4.0,39.2,2.0,35.6,-2.4,27.7,0.0,0.000,0.0,0.000,0.0,0.000,0.0,30.6,19.0,51.5,32.0,353,N,In from Left Center Field
2024/04/06,2,Partly cloudy,6.4,43.5,1.2,34.2,3.8,38.8,4.3,39.7,-2.5,27.5,0.0,0.000,0.0,0.000,0.0,0.000,0.0,17.9,11.1,33.8,21.0,26,NE,In from Center
2024/04/07,63,Moderate rain,10.2,50.4,3.2,37.8,6.8,44.2,4.2,39.6,-0.6,30.9,9.1,0.358,9.1,0.358,0.0,0.000,7.0,33.0,20.5,52.2,32.4,126,SE,Out to Left Field
2024/04/19,3,Overcast,12.9,55.2,4.9,40.8,9.0,48.2,7.4,45.3,-0.5,31.1,0.0,0.000,0.0,0.000,0.0,0.000,0.0,32.1,19.9,54.0,33.6,288,W,Cross from Left Field Corner
2024/04/20,3,Overcast,7.2,45.0,1.5,34.7,4.9,40.8,1.5,34.7,-3.9,25.0,0.0,0.000,0.0,0.000,0.0,0.000,0.0,21.9,13.6,37.8,23.5,289,W,Cross from Left Field Corner
2024/04/20,3,Overcast,7.2,45.0,1.5,34.7,4.9,40.8,1.5,34.7,-3.9,25.0,0.0,0.000,0.0,0.000,0.0,0.000,0.0,21.9,13.6,37.8,23.5,289,W,Cross from Left Field Corner
2024/04/21,3,Overcast,12.2,54.0,0.2,32.4,6.4,43.5,9.7,49.5,-3.6,25.5,0.0,0.000,0.0,0.000,0.0,0.000,0.0,18.4,11.4,32.4,20.1,277,W,Out to Right Field
2024/04/23,53,Moderate drizzle,17.0,62.6,6.7,44.1,13.1,55.6,13.3,55.9,0.8,33.4,1.2,0.047,1.2,0.047,0.0,0.000,3.0,32.3,20.1,52.2,32.4,229,SW,Out to Right Center Field
2024/04/24,3,Overcast,5.2,41.4,1.1,34.0,3.7,38.7,0.3,32.5,-3.5,25.7,0.0,0.000,0.0,0.000,0.0,0.000,0.0,32.6,20.3,54.0,33.6,11,N,In from Left Center Field
2024/04/25,3,Overcast,9.1,48.4,0.2,32.4,5.5,41.9,7.4,45.3,-3.6,25.5,0.0,0.000,0.0,0.000,0.0,0.000,0.0,17.7,11.0,33.8,21.0,78,E,In from Right Field
2024/05/03,55,Dense drizzle,17.1,62.8,8.2,46.8,13.5,56.3,17.6,63.7,6.3,43.3,3.0,0.118,3.0,0.118,0.0,0.000,7.0,23.2,14.4,36.0,22.4,11,N,In from Left Center Field
2024/05/04,51,Light drizzle,19.0,66.2,7.2,45.0,14.7,58.5,21.5,70.7,4.9,40.8,0.4,0.016,0.4,0.016,0.0,0.000,2.0,22.4,13.9,35.6,22.1,109,E,Cross from Right Field Corner
2024/05/05,3,Overcast,14.3,57.7,7.3,45.1,11.1,52.0,11.7,53.1,5.5,41.9,0.0,0.000,0.0,0.000,0.0,0.000,0.0,23.5,14.6,36.4,22.6,8,N,In from Left Center Field
2024/05/06,3,Overcast,15.6,60.1,7.5,45.5,12.0,53.6,15.0,59.0,5.6,42.1,0.0,0.000,0.0,0.000,0.0,0.000,0.0,25.6,15.9,38.5,23.9,67,NE,In from Right Field
2024/05/07,63,Moderate rain,20.8,69.4,12.4,54.3,16.0,60.8,22.3,72.1,8.7,47.7,10.7,0.421,10.7,0.421,0.0,0.000,9.0,31.9,19.8,47.2,29.3,165,S,Out to Left Field
2024/05/08,3,Overcast,21.0,69.8,11.9,53.4,16.3,61.3,23.5,74.3,9.7,49.5,0.0,0.000,0.0,0.000,0.0,0.000,0.0,23.7,14.7,37.1,23.1,69,E,In from Right Field
2024/05/16,51,Light drizzle,23.0,73.4,9.3,48.7,16.1,61.0,22.4,72.3,8.2,46.8,0.7,0.028,0.7,0.028,0.0,0.000,4.0,24.3,15.1,41.4,25.7,197,S,Out to Dead Center Field
2024/05/17,3,Overcast,20.2,68.4,11.4,52.5,15.5,59.9,24.3,75.7,10.6,51.1,0.0,0.000,0.0,0.000,0.0,0.000,0.0,17.3,10.7,32.8,20.4,87,E,In from Right Field
2024/05/18,51,Light drizzle,26.2,79.2,11.9,53.4,19.8,67.6,28.4,83.1,11.3,52.3,0.2,0.008,0.2,0.008,0.0,0.000,2.0,19.1,11.9,28.8,17.9,171,S,Out to Left Center Field
2024/05/19,3,Overcast,20.2,68.4,12.7,54.9,17.1,62.8,20.0,68.0,11.9,53.4,0.0,0.000,0.0,0.000,0.0,0.000,0.0,23.1,14.4,39.2,24.4,15,N,In from Center
2024/05/21,51,Light drizzle,29.6,85.3,13.2,55.8,21.9,71.4,29.0,84.2,12.9,55.2,0.2,0.008,0.2,0.008,0.0,0.000,2.0,41.3,25.7,63.4,39.4,163,S,Out to Left Field
2024/05/22,1,Mainly clear,23.8,74.8,16.0,60.8,20.2,68.4,20.7,69.3,12.9,55.2,0.0,0.000,0.0,0.000,0.0,0.000,0.0,41.3,25.7,61.9,38.5,245,SW,Out to Right Field
2024/05/23,2,Partly cloudy,22.8,73.0,13.1,55.6,18.4,65.1,23.1,73.6,11.7,53.1,0.0,0.000,0.0,0.000,0.0,0.000,0.0,23.4,14.5,40.7,25.3,115,SE,Cross from Right Field Corner
2024/05/31,3,Overcast,22.0,71.6,10.6,51.1,17.1,62.8,22.7,72.9,8.8,47.8,0.0,0.000,0.0,0.000,0.0,0.000,0.0,19.6,12.2,32.0,19.9,129,SE,Out to Left Field
2024/06/01,63,Moderate rain,19.8,67.6,15.8,60.4,17.4,63.3,19.9,67.8,13.5,56.3,16.4,0.646,16.4,0.646,0.0,0.000,14.0,23.8,14.8,37.4,23.2,161,S,Out to Left Field
2024/06/02,3,Overcast,19.2,66.6,13.9,57.0,16.1,61.0,20.9,69.6,12.9,55.2,0.0,0.000,0.0,0.000,0.0,0.000,0.0,16.8,10.4,29.5,18.3,33,NE,In from Center
2024/06/04,63,Moderate rain,26.0,78.8,19.6,67.3,22.6,72.7,28.7,83.7,19.2,66.6,5.2,0.205,5.2,0.205,0.0,0.000,3.0,24.6,15.3,37.4,23.2,153,SE,Out to Left Field
2024/06/05,61,Slight rain,26.0,78.8,19.6,67.3,21.9,71.4,25.7,78.3,19.5,67.1,7.3,0.287,7.3,0.287,0.0,0.000,9.0,28.8,17.9,46.4,28.8,231,SW,Out to Right Center Field
2024/06/14,3,Overcast,21.9,71.4,15.6,60.1,19.3,66.7,25.4,77.7,14.3,57.7,0.0,0.000,0.0,0.000,0.0,0.000,0.0,24.5,15.2,39.6,24.6,11,N,In from Left Center Field
2024/06/15,3,Overcast,26.4,79.5,14.6,58.3,21.0,69.8,27.4,81.3,14.4,57.9,0.0,0.000,0.0,0.000,0.0,0.000,0.0,25.5,15.8,42.5,26.4,123,SE,Cross from Right Field Corner
2024/06/16,51,Light drizzle,31.9,89.4,19.7,67.5,25.4,77.7,31.9,89.4,16.6,61.9,0.2,0.008,0.2,0.008,0.0,0.000,1.0,32.4,20.1,52.2,32.4,182,S,Out to Left Center Field
2024/06/17,51,Light drizzle,33.2,91.8,24.2,75.6,28.6,83.5,34.2,93.6,25.9,78.6,0.3,0.012,0.3,0.012,0.0,0.000,1.0,28.3,17.6,45.7,28.4,204,SW,Out to Dead Center Field
2024/06/18,53,Moderate drizzle,32.0,89.6,23.9,75.0,27.3,81.1,31.8,89.2,23.2,73.8,0.9,0.035,0.9,0.035,0.0,0.000,3.0,36.6,22.7,57.2,35.5,195,S,Out to Dead Center Field
2024/06/19,51,Light drizzle,32.7,90.9,24.5,76.1,28.3,82.9,33.8,92.8,25.2,77.4,0.2,0.008,0.2,0.008,0.0,0.000,1.0,28.1,17.5,43.2,26.8,207,SW,Out to Dead Center Field
2024/06/21,2,Partly cloudy,32.0,89.6,17.3,63.1,23.7,74.7,33.6,92.5,18.6,65.5,0.0,0.000,0.0,0.000,0.0,0.000,0.0,24.5,15.2,36.4,22.6,82,E,In from Right Field
2024/06/22,3,Overcast,33.4,92.1,22.9,73.2,28.6,83.5,31.7,89.1,25.6,78.1,0.0,0.000,0.0,0.000,0.0,0.000,0.0,35.9,22.3,57.2,35.5,222,SW,Out to Right Center Field
2024/06/23,53,Moderate drizzle,25.2,77.4,20.0,68.0,22.9,73.2,27.3,81.1,21.3,70.3,2.4,0.094,2.4,0.094,0.0,0.000,10.0,39.2,24.4,59.0,36.7,295,NW,Cross from Left Field Corner
2024/07/02,51,Light drizzle,27.6,81.7,17.4,63.3,22.2,72.0,26.1,79.0,15.0,59.0,0.1,0.004,0.1,0.004,0.0,0.000,1.0,30.8,19.1,46.4,28.8,159,S,Out to Left Field
2024/07/03,63,Moderate rain,29.7,85.5,20.9,69.6,25.4,77.7,34.5,94.1,21.5,70.7,12.7,0.500,12.7,0.500,0.0,0.000,9.0,26.9,16.7,41.0,25.5,226,SW,Out to Right Center Field
2024/07/04,53,Moderate drizzle,25.4,77.7,20.6,69.1,23.1,73.6,28.4,83.1,23.1,73.6,1.0,0.039,1.0,0.039,0.0,0.000,3.0,13.8,8.6,25.6,15.9,229,SW,Out to Right Center Field
2024/07/05,55,Dense drizzle,27.2,81.0,19.4,66.9,23.0,73.4,27.3,81.1,20.7,69.3,1.6,0.063,1.6,0.063,0.0,0.000,5.0,27.6,17.1,43.6,27.1,247,SW,Out to Right Field
2024/07/06,1,Mainly clear,24.0,75.2,16.9,62.4,20.8,69.4,25.4,77.7,18.2,64.8,0.0,0.000,0.0,0.000,0.0,0.000,0.0,13.9,8.6,25.6,15.9,76,E,In from Right Field
2024/07/07,63,Moderate rain,28.6,83.5,18.5,65.3,22.6,72.7,31.3,88.3,20.2,68.4,5.9,0.232,5.9,0.232,0.0,0.000,7.0,17.1,10.6,40.0,24.9,181,S,Out to Left Center Field
2024/07/19,3,Overcast,23.6,74.5,14.6,58.3,19.8,67.6,25.4,77.7,14.4,57.9,0.0,0.000,0.0,0.000,0.0,0.000,0.0,21.6,13.4,38.2,23.7,153,SE,Out to Left Field
2024/07/20,3,Overcast,24.5,76.1,16.1,61.0,21.0,69.8,26.1,79.0,17.1,62.8,0.0,0.000,0.0,0.000,0.0,0.000,0.0,15.2,9.4,28.1,17.5,163,S,Out to Left Field
2024/07/21,51,Light drizzle,25.9,78.6,17.1,62.8,21.5,70.7,27.8,82.0,17.9,64.2,0.3,0.012,0.3,0.012,0.0,0.000,3.0,16.8,10.4,28.8,17.9,28,NE,In from Center
2024/07/22,3,Overcast,23.5,74.3,18.5,65.3,21.5,70.7,26.8,80.2,20.6,69.1,0.0,0.000,0.0,0.000,0.0,0.000,0.0,15.9,9.9,30.6,19.0,40,NE,In from Right-Center Field
2024/07/23,51,Light drizzle,29.2,84.6,18.5,65.3,23.2,73.8,31.0,87.8,20.5,68.9,0.7,0.028,0.7,0.028,0.0,0.000,4.0,22.7,14.1,43.2,26.8,234,SW,Out to Right Center Field
2024/07/24,51,Light drizzle,21.8,71.2,19.0,66.2,20.6,69.1,23.8,74.8,20.0,68.0,1.2,0.047,1.2,0.047,0.0,0.000,8.0,17.6,10.9,30.2,18.8,33,NE,In from Center
2024/08/01,63,Moderate rain,29.5,85.1,22.9,73.2,25.5,77.9,32.9,91.2,26.1,79.0,8.3,0.327,8.3,0.327,0.0,0.000,9.0,15.9,9.9,27.0,16.8,217,SW,Out to Right Center Field
2024/08/02,53,Moderate drizzle,25.1,77.2,21.9,71.4,23.2,73.8,27.4,81.3,23.0,73.4,1.5,0.059,1.5,0.059,0.0,0.000,6.0,25.6,15.9,46.1,28.6,354,N,In from Left Center Field
2024/08/03,1,Mainly clear,27.5,81.5,20.9,69.6,24.0,75.2,32.6,90.7,23.2,73.8,0.0,0.000,0.0,0.000,0.0,0.000,0.0,16.9,10.5,28.4,17.6,26,NE,In from Center
2024/08/04,3,Overcast,29.1,84.4,20.2,68.4,25.0,77.0,32.6,90.7,23.0,73.4,0.0,0.000,0.0,0.000,0.0,0.000,0.0,17.4,10.8,32.0,19.9,140,SE,Out to Left Field
2024/08/05,63,Moderate rain,28.3,82.9,21.1,70.0,24.1,75.4,34.1,93.4,22.2,72.0,3.6,0.142,3.6,0.142,0.0,0.000,4.0,30.1,18.7,47.9,29.8,340,N,In from Left Field
2024/08/06,53,Moderate drizzle,23.3,73.9,19.0,66.2,20.5,68.9,24.7,76.5,16.3,61.3,1.2,0.047,1.2,0.047,0.0,0.000,4.0,41.5,25.8,66.2,41.1,7,N,In from Left Center Field
2024/08/07,3,Overcast,23.1,73.6,18.0,64.4,20.4,68.7,23.2,73.8,16.7,62.1,0.0,0.000,0.0,0.000,0.0,0.000,0.0,25.1,15.6,41.0,25.5,47,NE,In from Right-Center Field
2024/08/16,63,Moderate rain,29.9,85.8,19.4,66.9,24.0,75.2,32.2,90.0,21.4,70.5,15.0,0.591,15.0,0.591,0.0,0.000,7.0,23.0,14.3,38.9,24.2,233,SW,Out to Right Center Field
2024/08/17,63,Moderate rain,26.0,78.8,20.2,68.4,22.2,72.0,28.1,82.6,21.3,70.3,8.3,0.327,8.3,0.327,0.0,0.000,9.0,18.0,11.2,35.3,21.9,294,NW,Cross from Left Field Corner
2024/08/18,61,Slight rain,22.3,72.1,18.8,65.8,20.6,69.1,22.9,73.2,17.6,63.7,2.7,0.106,2.7,0.106,0.0,0.000,8.0,31.3,19.4,50.8,31.6,352,N,In from Left Center Field
2024/08/20,3,Overcast,20.0,68.0,16.2,61.2,18.2,64.8,19.4,66.9,15.1,59.2,0.0,0.000,0.0,0.000,0.0,0.000,0.0,24.7,15.3,38.9,24.2,36,NE,In from Right-Center Field
2024/08/21,3,Overcast,21.5,70.7,13.4,56.1,18.3,64.9,22.0,71.6,13.4,56.1,0.0,0.000,0.0,0.000,0.0,0.000,0.0,13.4,8.3,26.6,16.5,54,NE,In from Right-Center Field
2024/08/22,3,Overcast,24.2,75.6,11.4,52.5,18.9,66.0,24.1,75.4,10.8,51.4,0.0,0.000,0.0,0.000,0.0,0.000,0.0,11.7,7.3,24.1,15.0,184,S,Out to Left Center Field
2024/09/02,0,Clear sky,21.2,70.2,15.7,60.3,18.5,65.3,20.9,69.6,15.1,59.2,0.0,0.000,0.0,0.000,0.0,0.000,0.0,13.2,8.2,25.6,15.9,75,E,In from Right Field
2024/09/03,3,Overcast,22.1,71.8,14.4,57.9,18.8,65.8,21.7,71.1,14.1,57.4,0.0,0.000,0.0,0.000,0.0,0.000,0.0,13.6,8.5,27.0,16.8,135,SE,Out to Left Field
2024/09/04,0,Clear sky,25.4,77.7,14.8,58.6,20.4,68.7,24.7,76.5,14.6,58.3,0.0,0.000,0.0,0.000,0.0,0.000,0.0,15.2,9.4,29.5,18.3,134,SE,Out to Left Field
2024/09/06,51,Light drizzle,20.9,69.6,14.5,58.1,18.3,64.9,22.7,72.9,10.5,50.9,1.3,0.051,1.3,0.051,0.0,0.000,9.0,32.6,20.3,54.7,34.0,5,N,In from Left Center Field
2024/09/07,51,Light drizzle,15.8,60.4,11.0,51.8,13.5,56.3,11.9,53.4,6.6,43.9,0.5,0.020,0.5,0.020,0.0,0.000,3.0,29.9,18.6,50.4,31.3,355,N,In from Left Center Field
2024/09/08,3,Overcast,23.0,73.4,9.9,49.8,16.2,61.2,20.6,69.1,7.7,45.9,0.0,0.000,0.0,0.000,0.0,0.000,0.0,16.9,10.5,31.3,19.4,258,W,Out to Right Field
2024/09/16,3,Overcast,27.0,80.6,18.5,65.3,22.8,73.0,27.9,82.2,18.5,65.3,0.0,0.000,0.0,0.000,0.0,0.000,0.0,15.5,9.6,29.9,18.6,110,E,Cross from Right Field Corner
2024/09/17,1,Mainly clear,24.6,76.3,16.6,61.9,21.0,69.8,25.7,78.3,16.8,62.2,0.0,0.000,0.0,0.000,0.0,0.000,0.0,13.5,8.4,27.7,17.2,86,E,In from Right Field
2024/09/18,3,Overcast,24.8,76.6,15.6,60.1,20.9,69.6,25.7,78.3,15.7,60.3,0.0,0.000,0.0,0.000,0.0,0.000,0.0,22.1,13.7,37.4,23.2,110,E,Cross from Right Field Corner
2024/09/19,3,Overcast,28.0,82.4,15.6,60.1,22.2,72.0,28.9,84.0,15.7,60.3,0.0,0.000,0.0,0.000,0.0,0.000,0.0,22.6,14.0,37.8,23.5,140,SE,Out to Left Field
2024/09/20,63,Moderate rain,31.6,88.9,20.6,69.1,24.3,75.7,31.8,89.2,20.7,69.3,3.1,0.122,3.1,0.122,0.0,0.000,2.0,22.7,14.1,39.2,24.4,201,S,Out to Dead Center Field
2024/09/21,3,Overcast,28.9,84.0,17.7,63.9,23.5,74.3,29.2,84.6,18.4,65.1,0.0,0.000,0.0,0.000,0.0,0.000,0.0,18.9,11.7,30.6,19.0,124,SE,Out to Left Field
2024/09/22,63,Moderate rain,23.5,74.3,19.0,66.2,21.2,70.2,25.0,77.0,17.1,62.8,26.1,1.028,26.1,1.028,0.0,0.000,13.0,31.0,19.3,49.3,30.6,283,W,Cross from Left Field Corner
2024/09/27,3,Overcast,19.5,67.1,18.0,64.4,18.9,66.0,18.4,65.1,13.1,55.6,0.0,0.000,0.0,0.000,0.0,0.000,0.0,41.1,25.5,62.6,38.9,35,NE,In from Right-Center Field
2024/09/28,53,Moderate drizzle,18.8,65.8,17.1,62.8,17.8,64.0,17.2,63.0,13.5,56.3,1.3,0.051,1.3,0.051,0.0,0.000,6.0,34.9,21.7,55.8,34.7,19,N,In from Center
2024/09/29,51,Light drizzle,20.1,68.2,17.7,63.9,18.8,65.8,19.6,67.3,15.8,60.4,0.2,0.008,0.2,0.008,0.0,0.000,2.0,27.8,17.3,45.7,28.4,16,N,In from Center
2025/04/04,53,Moderate drizzle,6.8,44.2,4.2,39.6,5.7,42.3,3.9,39.0,0.8,33.4,2.2,0.087,2.2,0.087,0.0,0.000,6.0,17.9,11.1,33.1,20.6,50,NE,In from Right-Center Field
2025/04/05,63,Moderate rain,10.2,50.4,4.1,39.4,6.2,43.2,7.0,44.6,0.2,32.4,7.8,0.307,7.8,0.307,0.0,0.000,6.0,22.9,14.2,44.3,27.5,11,N,In from Left Center Field
2025/04/06,3,Overcast,5.9,42.6,2.8,37.0,4.5,40.1,3.8,38.8,-1.9,28.6,0.0,0.000,0.0,0.000,0.0,0.000,0.0,19.4,12.1,41.8,26.0,29,NE,In from Center
2025/04/07,71,Slight snow fall,5.8,42.4,-0.1,31.8,2.4,36.3,1.4,34.5,-6.4,20.5,0.7,0.028,0.2,0.008,0.42,0.165,4.0,31.1,19.3,71.3,44.3,356,N,In from Left Center Field
2025/04/08,3,Overcast,3.1,37.6,-2.2,28.0,0.8,33.4,1.4,34.5,-6.8,19.8,0.0,0.000,0.0,0.000,0.0,0.000,0.0,21.1,13.1,49.7,30.9,32,NE,In from Center
2025/04/09,53,Moderate drizzle,7.5,45.5,0.6,33.1,3.6,38.5,2.3,36.1,-3.8,25.2,2.4,0.094,2.4,0.094,0.0,0.000,7.0,20.4,12.7,47.2,29.3,144,SE,Out to Left Field
2025/04/18,51,Light drizzle,26.9,80.4,13.6,56.5,19.9,67.8,25.8,78.4,8.4,47.1,0.1,0.004,0.1,0.004,0.0,0.000,1.0,28.4,17.6,56.2,34.9,208,SW,Out to Dead Center Field
2025/04/19,51,Light drizzle,17.6,63.7,6.2,43.2,10.0,50.0,15.7,60.3,2.8,37.0,0.1,0.004,0.1,0.004,0.0,0.000,1.0,23.9,14.9,48.6,30.2,116,SE,Cross from Right Field Corner
2025/04/20,53,Moderate drizzle,12.7,54.9,7.3,45.1,10.0,50.0,8.2,46.8,3.8,38.8,1.7,0.067,1.7,0.067,0.0,0.000,5.0,30.7,19.1,59.8,37.2,102,E,Cross from Right Field Corner
2025/04/22,61,Slight rain,19.0,66.2,5.8,42.4,12.5,54.5,18.1,64.6,4.1,39.4,5.1,0.201,5.1,0.201,0.0,0.000,5.0,15.6,9.7,40.7,25.3,171,S,Out to Left Center Field
2025/04/23,63,Moderate rain,20.2,68.4,11.5,52.7,15.1,59.2,22.2,72.0,9.9,49.8,6.4,0.252,6.4,0.252,0.0,0.000,6.0,16.5,10.3,38.5,23.9,157,SE,Out to Left Field
2025/04/25,3,Overcast,11.8,53.2,7.7,45.9,8.8,47.8,10.3,50.5,2.3,36.1,0.0,0.000,0.0,0.000,0.0,0.000,0.0,30.0,18.6,64.8,40.3,355,N,In from Left Center Field
2025/04/26,3,Overcast,8.8,47.8,5.1,41.2,7.3,45.1,6.1,43.0,1.5,34.7,0.0,0.000,0.0,0.000,0.0,0.000,0.0,29.4,18.3,64.1,39.8,2,N,In from Left Center Field
2025/04/27,3,Overcast,14.9,58.8,4.0,39.2,10.1,50.2,14.7,58.5,1.6,34.9,0.0,0.000,0.0,0.000,0.0,0.000,0.0,15.9,9.9,32.4,20.1,104,E,Cross from Right Field Corner
2025/05/05,53,Moderate drizzle,12.9,55.2,7.3,45.1,9.6,49.3,12.6,54.7,3.8,38.8,1.5,0.059,1.5,0.059,0.0,0.000,5.0,19.5,12.1,36.7,22.8,24,NE,In from Center
2025/05/06,3,Overcast,22.5,72.5,8.2,46.8,14.8,58.6,21.8,71.2,6.6,43.9,0.0,0.000,0.0,0.000,0.0,0.000,0.0,13.8,8.6,34.2,21.3,305,NW,In from Left Field
2025/05/07,3,Overcast,16.4,61.5,7.6,45.7,11.1,52.0,17.4,63.3,3.5,38.3,0.0,0.000,0.0,0.000,0.0,0.000,0.0,21.4,13.3,46.8,29.1,10,N,In from Left Center Field
2025/05/12,51,Light drizzle,19.0,66.2,11.4,52.5,15.7,60.3,18.2,64.8,9.5,49.1,0.4,0.016,0.4,0.016,0.0,0.000,1.0,14.2,8.8,31.7,19.7,81,E,In from Right Field
2025/05/13,3,Overcast,20.9,69.6,11.5,52.7,15.8,60.4,22.3,72.1,10.9,51.6,0.0,0.000,0.0,0.000,0.0,0.000,0.0,14.8,9.2,28.8,17.9,86,E,In from Right Field
2025/05/14,3,Overcast,18.8,65.8,11.1,52.0,14.1,57.4,18.9,66.0,10.7,51.3,0.0,0.000,0.0,0.000,0.0,0.000,0.0,10.7,6.6,28.4,17.6,44,NE,In from Right-Center Field
2025/05/16,53,Moderate drizzle,28.1,82.6,17.4,63.3,22.8,73.0,26.0,78.8,15.5,59.9,0.6,0.024,0.6,0.024,0.0,0.000,2.0,36.8,22.9,74.2,46.1,208,SW,Out to Dead Center Field
2025/05/17,51,Light drizzle,19.0,66.2,12.3,54.1,15.8,60.4,15.6,60.1,7.7,45.9,0.1,0.004,0.1,0.004,0.0,0.000,1.0,28.3,17.6,61.9,38.5,269,W,Out to Right Field
2025/05/18,3,Overcast,14.2,57.6,7.9,46.2,11.3,52.3,12.2,54.0,4.7,40.5,0.0,0.000,0.0,0.000,0.0,0.000,0.0,14.5,9.0,37.8,23.5,19,N,In from Center
2025/05/26,3,Overcast,13.4,56.1,8.3,46.9,10.9,51.6,12.4,54.3,5.9,42.6,0.0,0.000,0.0,0.000,0.0,0.000,0.0,15.3,9.5,37.4,23.2,13,N,In from Center
2025/05/27,3,Overcast,14.6,58.3,9.8,49.6,12.3,54.1,12.6,54.7,8.4,47.1,0.0,0.000,0.0,0.000,0.0,0.000,0.0,17.9,11.1,36.7,22.8,21,N,In from Center
2025/05/28,61,Slight rain,14.4,57.9,9.9,49.8,11.9,53.4,14.0,57.2,9.1,48.4,8.1,0.319,8.1,0.319,0.0,0.000,7.0,13.0,8.1,33.1,20.6,8,N,In from Left Center Field
2025/05/30,53,Moderate drizzle,24.3,75.7,11.3,52.3,17.9,64.2,23.6,74.5,10.8,51.4,1.6,0.063,1.6,0.063,0.0,0.000,5.0,24.9,15.5,52.9,32.9,302,NW,Cross from Left Field Corner
2025/05/31,0,Clear sky,16.4,61.5,9.4,48.9,11.1,52.0,14.6,58.3,6.9,44.4,0.0,0.000,0.0,0.000,0.0,0.000,0.0,18.1,11.2,45.4,28.2,5,N,In from Left Center Field
2025/06/01,1,Mainly clear,14.6,58.3,7.7,45.9,11.8,53.2,13.4,56.1,5.8,42.4,0.0,0.000,0.0,0.000,0.0,0.000,0.0,12.2,7.6,33.8,21.0,69,E,In from Right Field
2025/06/12,65,Heavy rain,25.2,77.4,14.5,58.1,19.3,66.7,25.6,78.1,14.1,57.4,12.3,0.484,12.3,0.484,0.0,0.000,2.0,16.5,10.3,34.2,21.3,5,N,In from Left Center Field
2025/06/13,51,Light drizzle,20.8,69.4,14.3,57.7,17.7,63.9,22.5,72.5,14.5,58.1,1.7,0.067,1.7,0.067,0.0,0.000,9.0,14.4,8.9,26.3,16.3,54,NE,In from Right-Center Field
2025/06/14,3,Overcast,19.0,66.2,14.4,57.9,16.2,61.2,20.0,68.0,14.4,57.9,0.0,0.000,0.0,0.000,0.0,0.000,0.0,13.5,8.4,33.1,20.6,31,NE,In from Center
2025/06/15,3,Overcast,22.5,72.5,13.9,57.0,17.5,63.5,24.7,76.5,14.0,57.2,0.0,0.000,0.0,0.000,0.0,0.000,0.0,11.8,7.3,28.1,17.5,25,NE,In from Center
2025/06/17,51,Light drizzle,33.0,91.4,20.5,68.9,26.2,79.2,34.9,94.8,21.5,70.7,1.0,0.039,1.0,0.039,0.0,0.000,4.0,19.2,11.9,42.5,26.4,220,SW,Out to Right Center Field
2025/06/19,61,Slight rain,25.1,77.2,18.2,64.8,21.2,70.2,30.0,86.0,19.1,66.4,11.3,0.445,11.3,0.445,0.0,0.000,16.0,17.0,10.6,31.7,19.7,272,W,Out to Right Field
2025/06/20,3,Overcast,27.5,81.5,19.5,67.1,23.5,74.3,29.0,84.2,19.8,67.6,0.0,0.000,0.0,0.000,0.0,0.000,0.0,20.7,12.9,46.1,28.6,206,SW,Out to Dead Center Field
2025/06/21,3,Overcast,32.9,91.2,23.5,74.3,28.3,82.9,35.7,96.3,23.8,74.8,0.0,0.000,0.0,0.000,0.0,0.000,0.0,27.9,17.3,56.5,35.1,207,SW,Out to Dead Center Field
2025/06/22,0,Clear sky,33.7,92.7,25.8,78.4,29.9,85.8,37.1,98.8,28.4,83.1,0.0,0.000,0.0,0.000,0.0,0.000,0.0,23.7,14.7,51.1,31.8,210,SW,Out to Dead Center Field
2025/07/01,1,Mainly clear,26.6,79.9,20.6,69.1,23.9,75.0,29.7,85.5,22.4,72.3,0.0,0.000,0.0,0.000,0.0,0.000,0.0,14.8,9.2,33.8,21.0,339,N,In from Left Field
2025/07/02,53,Moderate drizzle,31.0,87.8,21.1,70.0,26.1,79.0,33.4,92.1,23.5,74.3,0.8,0.031,0.8,0.031,0.0,0.000,1.0,9.2,5.7,25.2,15.7,252,W,Out to Right Field
2025/07/03,51,Light drizzle,29.9,85.8,22.5,72.5,26.5,79.7,33.5,92.3,23.9,75.0,0.2,0.008,0.2,0.008,0.0,0.000,1.0,14.2,8.8,34.9,21.7,136,SE,Out to Left Field
2025/07/04,65,Heavy rain,30.5,86.9,22.8,73.0,26.4,79.5,34.5,94.1,25.6,78.1,17.2,0.677,17.2,0.677,0.0,0.000,5.0,11.1,6.9,29.5,18.3,209,SW,Out to Dead Center Field
2025/07/05,3,Overcast,33.2,91.8,24.4,75.9,29.1,84.4,34.3,93.7,26.2,79.2,0.0,0.000,0.0,0.000,0.0,0.000,0.0,24.4,15.2,49.0,30.4,205,SW,Out to Dead Center Field
2025/07/06,63,Moderate rain,28.3,82.9,19.4,66.9,24.8,76.6,32.6,90.7,19.6,67.3,8.6,0.339,8.6,0.339,0.0,0.000,11.0,19.3,12.0,48.6,30.2,282,W,Cross from Left Field Corner
2025/07/18,3,Overcast,23.3,73.9,17.0,62.6,20.7,69.3,26.4,79.5,17.1,62.8,0.0,0.000,0.0,0.000,0.0,0.000,0.0,11.2,7.0,31.3,19.4,67,NE,In from Right Field
2025/07/19,63,Moderate rain,28.6,83.5,21.0,69.8,24.3,75.7,32.1,89.8,24.0,75.2,3.7,0.146,3.7,0.146,0.0,0.000,6.0,18.9,11.7,44.3,27.5,202,S,Out to Dead Center Field
2025/07/20,53,Moderate drizzle,24.0,75.2,20.1,68.2,21.8,71.2,27.4,81.3,21.0,69.8,3.1,0.122,3.1,0.122,0.0,0.000,8.0,16.9,10.5,39.2,24.4,16,N,In from Center
2025/07/21,3,Overcast,24.4,75.9,20.2,68.4,21.9,71.4,28.1,82.6,21.2,70.2,0.0,0.000,0.0,0.000,0.0,0.000,0.0,15.3,9.5,34.6,21.5,57,NE,In from Right Field
2025/07/22,3,Overcast,27.9,82.2,20.1,68.2,23.9,75.0,29.9,85.8,22.7,72.9,0.0,0.000,0.0,0.000,0.0,0.000,0.0,18.8,11.7,42.8,26.6,129,SE,Out to Left Field
2025/07/23,51,Light drizzle,33.0,91.4,21.8,71.2,27.3,81.1,37.3,99.1,23.1,73.6,0.1,0.004,0.1,0.004,0.0,0.000,1.0,18.1,11.2,38.5,23.9,180,S,Out to Left Center Field
2025/08/01,3,Overcast,22.0,71.6,18.4,65.1,20.1,68.2,22.9,73.2,17.9,64.2,0.0,0.000,0.0,0.000,0.0,0.000,0.0,19.9,12.4,43.2,26.8,34,NE,In from Right-Center Field
2025/08/02,3,Overcast,23.8,74.8,17.9,64.2,20.9,69.6,25.5,77.9,19.1,66.4,0.0,0.000,0.0,0.000,0.0,0.000,0.0,12.1,7.5,29.2,18.1,41,NE,In from Right-Center Field
2025/08/03,3,Overcast,23.6,74.5,17.8,64.0,21.4,70.5,25.6,78.1,20.5,68.9,0.0,0.000,0.0,0.000,0.0,0.000,0.0,13.6,8.5,32.4,20.1,68,E,In from Right Field
2025/08/04,51,Light drizzle,24.1,75.4,20.5,68.9,22.4,72.3,26.7,80.1,22.2,72.0,0.1,0.004,0.1,0.004,0.0,0.000,1.0,14.9,9.3,31.3,19.4,80,E,In from Right Field
2025/08/05,1,Mainly clear,25.0,77.0,21.0,69.8,22.8,73.0,28.4,83.1,23.2,73.8,0.0,0.000,0.0,0.000,0.0,0.000,0.0,12.9,8.0,30.6,19.0,62,NE,In from Right Field
2025/08/06,3,Overcast,27.5,81.5,19.5,67.1,23.4,74.1,31.1,88.0,22.3,72.1,0.0,0.000,0.0,0.000,0.0,0.000,0.0,17.8,11.1,40.3,25.0,105,E,Cross from Right Field Corner
2025/08/15,3,Overcast,29.7,85.5,20.1,68.2,25.4,77.7,33.5,92.3,22.6,72.7,0.0,0.000,0.0,0.000,0.0,0.000,0.0,15.9,9.9,36.0,22.4,135,SE,Out to Left Field
2025/08/16,3,Overcast,31.5,88.7,24.0,75.2,27.1,80.8,37.7,99.9,27.9,82.2,0.0,0.000,0.0,0.000,0.0,0.000,0.0,15.9,9.9,38.2,23.7,179,S,Out to Left Center Field
2025/08/17,51,Light drizzle,25.2,77.4,21.8,71.2,23.7,74.7,29.4,84.9,23.7,74.7,0.8,0.031,0.8,0.031,0.0,0.000,5.0,16.2,10.1,38.9,24.2,18,N,In from Center
2025/08/18,61,Slight rain,28.5,83.3,21.1,70.0,24.4,75.9,32.7,90.9,24.0,75.2,5.4,0.213,5.4,0.213,0.0,0.000,8.0,18.0,11.2,39.2,24.4,145,SE,Out to Left Field
2025/08/19,63,Moderate rain,24.0,75.2,21.8,71.2,22.8,73.0,27.0,80.6,24.3,75.7,4.8,0.189,4.8,0.189,0.0,0.000,9.0,21.6,13.4,41.8,26.0,347,N,In from Left Field
2025/08/19,63,Moderate rain,24.0,75.2,21.8,71.2,22.8,73.0,27.0,80.6,24.3,75.7,4.8,0.189,4.8,0.189,0.0,0.000,9.0,21.6,13.4,41.8,26.0,347,N,In from Left Field
2025/08/20,51,Light drizzle,22.1,71.8,20.6,69.1,21.5,70.7,24.2,75.6,20.6,69.1,0.8,0.031,0.8,0.031,0.0,0.000,3.0,19.3,12.0,45.0,28.0,17,N,In from Center
2025/08/21,51,Light drizzle,22.7,72.9,20.0,68.0,21.3,70.3,23.6,74.5,20.7,69.3,1.0,0.039,1.0,0.039,0.0,0.000,6.0,16.1,10.0,38.9,24.2,40,NE,In from Right-Center Field
2025/09/01,0,Clear sky,22.5,72.5,16.4,61.5,19.5,67.1,23.7,74.7,17.2,63.0,0.0,0.000,0.0,0.000,0.0,0.000,0.0,11.0,6.8,26.6,16.5,67,NE,In from Right Field
2025/09/02,51,Light drizzle,23.2,73.8,16.6,61.9,20.1,68.2,25.7,78.3,18.1,64.6,0.1,0.004,0.1,0.004,0.0,0.000,1.0,13.5,8.4,31.3,19.4,70,E,In from Right Field
2025/09/03,61,Slight rain,20.6,69.1,15.7,60.3,18.2,64.8,20.6,69.1,12.5,54.5,7.4,0.291,7.4,0.291,0.0,0.000,11.0,22.0,13.7,49.0,30.4,256,W,Out to Right Field
2025/09/05,51,Light drizzle,18.5,65.3,13.7,56.7,16.2,61.2,14.5,58.1,10.9,51.6,0.4,0.016,0.4,0.016,0.0,0.000,2.0,23.8,14.8,53.6,33.3,260,W,Out to Right Field
2025/09/06,3,Overcast,18.2,64.8,10.7,51.3,14.5,58.1,14.5,58.1,8.5,47.3,0.0,0.000,0.0,0.000,0.0,0.000,0.0,19.6,12.2,49.0,30.4,272,W,Out to Right Field
2025/09/07,2,Partly cloudy,18.6,65.5,10.1,50.2,14.4,57.9,17.8,64.0,8.0,46.4,0.0,0.000,0.0,0.000,0.0,0.000,0.0,11.8,7.3,25.9,16.1,305,NW,In from Left Field
2025/09/12,3,Overcast,26.0,78.8,16.3,61.3,21.0,69.8,27.4,81.3,17.4,63.3,0.0,0.000,0.0,0.000,0.0,0.000,0.0,15.7,9.8,32.8,20.4,108,E,Cross from Right Field Corner
2025/09/13,63,Moderate rain,25.3,77.5,18.1,64.6,21.2,70.2,28.0,82.4,17.8,64.0,6.4,0.252,6.4,0.252,0.0,0.000,4.0,17.2,10.7,34.2,21.3,145,SE,Out to Left Field
2025/09/14,0,Clear sky,23.6,74.5,18.6,65.5,21.1,70.0,26.0,78.8,20.1,68.2,0.0,0.000,0.0,0.000,0.0,0.000,0.0,15.2,9.4,28.4,17.6,84,E,In from Right Field
2025/09/23,63,Moderate rain,23.2,73.8,17.6,63.7,19.6,67.3,25.8,78.4,18.4,65.1,7.8,0.307,7.8,0.307,0.0,0.000,8.0,18.1,11.2,36.7,22.8,278,W,Out to Right Field
2025/09/24,51,Light drizzle,19.0,66.2,16.6,61.9,17.8,64.0,18.7,65.7,16.1,61.0,0.7,0.028,0.7,0.028,0.0,0.000,5.0,20.8,12.9,47.2,29.3,9,N,In from Left Center Field
2025/09/25,51,Light drizzle,19.7,67.5,15.4,59.7,17.3,63.1,20.9,69.6,15.1,59.2,1.0,0.039,1.0,0.039,0.0,0.000,7.0,15.5,9.6,35.3,21.9,355,N,In from Left Center Field
2025/09/26,0,Clear sky,26.0,78.8,14.8,58.6,20.1,68.2,26.2,79.2,14.6,58.3,0.0,0.000,0.0,0.000,0.0,0.000,0.0,13.5,8.4,28.1,17.5,211,SW,Out to Dead Center Field
2025/09/27,2,Partly cloudy,29.0,84.2,17.6,63.7,22.6,72.7,29.2,84.6,17.4,63.3,0.0,0.000,0.0,0.000,0.0,0.000,0.0,12.5,7.8,27.0,16.8,235,SW,Out to Right Center Field
2025/09/28,0,Clear sky,21.5,70.7,18.8,65.8,20.1,68.2,23.5,74.3,19.7,67.5,0.0,0.000,0.0,0.000,0.0,0.000,0.0,11.8,7.3,29.9,18.6,31,NE,In from Center
